loan_id,customer_id,loan_status,loan_amount,state,funded_amount,term,int_rate,installment,grade,issue_date,issue_year,pymnt_plan,type,purpose,description,notes,emp_title,emp_length,home_ownership,annual_inc,annual_inc_joint,verification_status,zip_code,addr_state,avg_cur_bal,Tot_cur_bal
4611,kbef93De11198ddabebdbce84138fA2bdf9f0S6d03X1dy8fa4,In Grace Period,2000.0,IL,2000.0, 36 months,0.1299,67.379997,B,04-2014,2014.0,False,INDIVIDUAL,credit_card,Credit card refinancing,desc,charge back analyst,10+ years,RENT,46000.0,,Not Verified,600xx,IL,911.0,13665.0
7532,18B6f9Zcdf418abe2f4b1d300d8b7bbfdNc2af81481a0,Late (31-120 days),2500.0,WI,2500.0, 36 months,0.1365,85.019997,C,04-2014,2014.0,False,INDIVIDUAL,debt_consolidation,Debt consolidation,desc,perfect binder gatherer operator,10+ years,MORTGAGE,55000.0,,Not Verified,530xx,WI,18588.0,334582.0
12332,7f8cdad58e078ea0d50f13a5d01be7f6616s8e1fb0b52Dw8afdm,Current,3000.0,PA,3000.0, 60 months,0.2557,89.059998,F,04-2014,2014.0,False,INDIVIDUAL,moving,Moving and relocation,desc,Clerk ,6 years,RENT,24000.0,,Verified,152xx,PA,445.0,1334.0
16075,ba8a9cc8ddeac7XT9ba9Gfcifafd1ab8a8Hoaea95ccb0uceafde,Current,3650.0,CA,3650.0, 36 months,0.1892,133.64999,D,04-2014,2014.0,False,INDIVIDUAL,debt_consolidation,Debt consolidation,desc,,n/a,RENT,12480.0,,Source Verified,936xx,CA,979.0,3918.0
19561,17J14eb05cefdcd0fNh13as950bsb0eaa415101db19bbcb,Current,4000.0,FL,4000.0, 36 months,0.1561,139.86,C,04-2014,2014.0,False,INDIVIDUAL,major_purchase,Major purchase,desc,supervisor,10+ years,MORTGAGE,52000.0,,Source Verified,330xx,FL,2974.0,86247.0
20445,b5b5b6c2e8cda8N9vcea2Ve387c4caceaWe3s14d8b008e09a99,Late (31-120 days),4125.0,TX,4125.0, 36 months,0.1659,146.23,D,04-2014,2014.0,False,INDIVIDUAL,debt_consolidation,Debt consolidation,desc,LVN Clinical Supervisor ,10+ years,MORTGAGE,53260.0,,Not Verified,760xx,TX,18576.0,167185.0
24547,va492c9Y9f8cn19d0dcdd83hIe51cbdJ199f80vme780389Cbf,Current,4825.0,MI,4825.0, 36 months,0.1464,166.42,C,04-2014,2014.0,False,INDIVIDUAL,credit_card,Credit card refinancing,desc,,n/a,RENT,29700.0,,Source Verified,480xx,MI,488.0,4395.0
27968,f2b78c82q1d1b91fPade49c0e9e1dmbb4ea80b98bdc196ffs7f,Current,5000.0,CA,5000.0, 36 months,0.0967,160.57001,B,04-2014,2014.0,False,INDIVIDUAL,vacation,Vacation,desc,Recruiting Specialist,2 years,RENT,60000.0,,Source Verified,946xx,CA,4804.0,67253.0
32237,9ffdb5seba6b9dk9Yb018e81H1fdjdalbbea8f0M0113c396d6,Late (16-30 days),5000.0,CA,5000.0, 36 months,0.1464,172.45,C,04-2014,2014.0,False,INDIVIDUAL,debt_consolidation,Debt consolidation,desc,Production Coordinator,10+ years,RENT,51000.0,,Verified,913xx,CA,1250.0,8748.0
35604,d81be8d996ffdbj0c07gc0bafafe9ep03a50e14H7fbc897d4,Current,5300.0,CA,5300.0, 36 months,0.1892,194.07001,D,04-2014,2014.0,False,INDIVIDUAL,debt_consolidation,Debt consolidation,desc,General Manager,10+ years,RENT,70000.0,,Verified,900xx,CA,1727.0,46638.0
37718,Bf4c58b84df1313e4lbf2X8fe8f68dV0049b0f12ca6KAc31be603,Current,5600.0,WV,5600.0, 36 months,0.1249,187.32001,B,04-2014,2014.0,False,INDIVIDUAL,credit_card,Credit card refinancing,desc,Correctional Officer,4 years,MORTGAGE,30000.0,,Source Verified,258xx,WV,7483.0,29933.0
40347,Ie1f380f7m86d019Ta2a387Mic3q18IqQ90m03afe4ebec1d5,Current,6000.0,IN,6000.0, 36 months,0.0762,186.97,A,04-2014,2014.0,False,INDIVIDUAL,credit_card,Credit card refinancing,desc,Police Officer,9 years,MORTGAGE,55000.0,,Not Verified,479xx,IN,34510.0,241573.0
41639,977f60fc2cd855Ef1bb14DQV0d3bfN0795b70b2,Current,6000.0,GA,6000.0, 36 months,0.0967,192.67999,B,04-2014,2014.0,False,INDIVIDUAL,debt_consolidation,Debt consolidation,desc,Sr. Systems Engineer,6 years,MORTGAGE,98888.0,,Not Verified,300xx,GA,5143.0,92582.0
41646,abf2Bcf8b977fd9b2db117fHa9028b9bfeb92a998c4df8f3a3s,Current,6000.0,IL,6000.0, 36 months,0.0967,192.67999,B,04-2014,2014.0,False,INDIVIDUAL,credit_card,Credit card refinancing,desc,Assistant Chanel Manager,1 year,RENT,65000.0,,Verified,602xx,IL,4215.0,46369.0
43870,bfi071e98ga705bfb1b6T08e98eRGd3F1ad88781428fee,Current,6000.0,KY,6000.0, 36 months,0.1249,200.7,B,04-2014,2014.0,False,INDIVIDUAL,credit_card,Credit card refinancing,desc,Remote Coder,7 years,OWN,55000.0,,Source Verified,410xx,KY,10458.0,52288.0
44251,abdd0baa81c9ebDc395u041aV0582gf0Z831agKcfe19e998a5dc,Current,6000.0,AZ,6000.0, 36 months,0.1299,202.14,B,04-2014,2014.0,False,INDIVIDUAL,credit_card,Credit card refinancing,desc,Bus Operator,10+ years,RENT,49000.0,,Source Verified,850xx,AZ,3209.0,28881.0
44257,Mce821wc7be99108d9998095beU81612S87l5a3ac4fdP,Current,6000.0,IL,6000.0, 36 months,0.1299,202.14,B,04-2014,2014.0,False,INDIVIDUAL,debt_consolidation,Debt consolidation,desc,Medical Administrator,10+ years,MORTGAGE,65000.0,,Source Verified,605xx,IL,11653.0,186440.0
44738,e9e8e7fbbap1ba6kd2de095eca5c09b78a99dc0bFf0d007,Current,6000.0,NJ,6000.0, 36 months,0.1365,204.05,C,04-2014,2014.0,False,INDIVIDUAL,other,Other,desc,Director,8 years,MORTGAGE,90000.0,,Source Verified,077xx,NJ,17963.0,269448.0
50222,R19168695A9316e8i7707100edb951erd7e7pRyb9,Current,6500.0,IL,6500.0, 36 months,0.1561,227.28,C,04-2014,2014.0,False,INDIVIDUAL,major_purchase,Major purchase,desc,Facilities Manager,< 1 year,RENT,35000.0,,Verified,605xx,IL,4984.0,19934.0
50536,f3XWa9ff1b9889aedeab7G02bda980814bbde02o9eb6a7cec9bc,Late (31-120 days),6600.0,VT,6600.0, 36 months,0.079,206.52,A,04-2014,2014.0,False,INDIVIDUAL,credit_card,Credit card refinancing,desc,,n/a,RENT,21000.0,,Verified,054xx,VT,5417.0,59582.0
51315,Cdf5Gzab9c89d0d93f7ZZke4788eae2H14ee168ec6i87b2,Current,6800.0,AL,6800.0, 36 months,0.2245,261.29001,E,04-2014,2014.0,False,INDIVIDUAL,debt_consolidation,Debt consolidation,desc,Registered Nurse,3 years,MORTGAGE,60000.0,,Verified,356xx,AL,14687.0,117494.0
54743,06d0dafcc997000eC06109813bfbdr0c99e3edf1Ac08082a7b49603,Current,7000.0,DE,7000.0, 36 months,0.1365,238.06,C,04-2014,2014.0,False,INDIVIDUAL,debt_consolidation,Debt consolidation,desc,Server,5 years,RENT,28000.0,,Verified,199xx,DE,2686.0,29545.0
55814,9ace6Q06Aa21fJrS96da9bafd28eE9da0za88a597,Current,7000.0,NY,7000.0, 36 months,0.2245,268.97,E,04-2014,2014.0,False,INDIVIDUAL,vacation,Vacation,desc,Assembly Technician,2 years,RENT,35000.0,,Verified,113xx,NY,545.0,3817.0
56080,7fdda8eau02ndf88abdb2j13f5abpbd9aeba8fdY0415ebof0e3,Current,7125.0,MI,7125.0, 36 months,0.1464,245.74001,C,04-2014,2014.0,False,INDIVIDUAL,debt_consolidation,Debt consolidation,desc,Manager of VCE,10+ years,RENT,65000.0,,Source Verified,481xx,MI,2190.0,21898.0
57700,90q6d8d0afaceah08afb996c4otb4f51at08828che1f3d,Current,7200.0,NC,7200.0, 36 months,0.1947,265.64001,D,04-2014,2014.0,False,INDIVIDUAL,debt_consolidation,Debt consolidation,desc,Teacher,3 years,RENT,34000.0,,Not Verified,279xx,NC,7264.0,108967.0
59509,10c119f7ab0fYDa6BrGIecGea87bbs0cb8be1c018585,Current,7500.0,SD,7500.0, 36 months,0.1249,250.87,B,04-2014,2014.0,False,INDIVIDUAL,credit_card,Credit card refinancing,desc,IT test analyst,9 years,MORTGAGE,55000.0,,Source Verified,571xx,SD,600.0,2400.0
60602,zb5cda6c9f7A03e7cbNpgs92q1baf82b6b5tgdaab402Z,Current,7725.0,AZ,7725.0, 36 months,0.1464,266.42999,C,04-2014,2014.0,False,INDIVIDUAL,debt_consolidation,Debt consolidation,desc,ACCOUNT CLERK III,10+ years,MORTGAGE,46000.0,,Verified,850xx,AZ,1300.0,5199.0
60642,dcf55dad8b0S898vfa91JC90e6Qf2bf0aa91V13nb406,Current,7750.0,OR,7750.0, 36 months,0.1365,263.57001,C,04-2014,2014.0,False,INDIVIDUAL,debt_consolidation,Debt consolidation,desc,Medical Technologist,3 years,RENT,78000.0,,Source Verified,973xx,OR,1243.0,9941.0
60651,Fa770b1612a50ea8188da9f3b9a6ecc7010715e7d7fay0fb3cb48ffa,Current,7750.0,NJ,7750.0, 36 months,0.1464,267.29999,C,04-2014,2014.0,False,INDIVIDUAL,credit_card,Credit card refinancing,desc,Carpenter ,9 years,MORTGAGE,47498.0,,Verified,080xx,NJ,25257.0,227316.0
63980,hdeMme2qf3e7d5a3f9ad90acbd8595cdb85Wfe3959f09b9a,Late (31-120 days),8000.0,TX,8000.0, 36 months,0.089,254.03,A,04-2014,2014.0,False,INDIVIDUAL,debt_consolidation,Debt consolidation,desc,Clerk,10+ years,MORTGAGE,85000.0,,Source Verified,761xx,TX,10822.0,97395.0
65459,daDc4c0da800tf7b5e9pb9Q1585d8c4f0NFf486X90aabe,Current,8000.0,TX,8000.0, 36 months,0.1099,261.88,B,04-2014,2014.0,False,INDIVIDUAL,debt_consolidation,Debt consolidation,desc,Intel Analyst,6 years,RENT,38252.0,,Source Verified,799xx,TX,1940.0,21339.0
67518,e7da00d0eb11388e3ZfdVf98b93tefe8927ud4Sf2bcf79aacb0c9,Current,8000.0,FL,8000.0, 36 months,0.1365,272.07001,C,04-2014,2014.0,False,INDIVIDUAL,credit_card,Credit card refinancing,desc,Nurse tech,2 years,RENT,35000.0,,Source Verified,326xx,FL,2356.0,37693.0
72769,f2d8e9eb01a76b11e06ffee9ed112lec7e3141eba1099e11d0381da,Current,8500.0,OR,8500.0, 36 months,0.1416,291.17999,C,04-2014,2014.0,False,INDIVIDUAL,debt_consolidation,Debt consolidation,desc,Customer Operations Supervisor,7 years,RENT,50000.0,,Source Verified,977xx,OR,3394.0,33938.0
73583,cbc2f414170f04hf25a2ItfeVWe9b9c3130ef6c8vfcc490,Current,8800.0,TX,8800.0, 36 months,0.0662,270.20001,A,04-2014,2014.0,False,INDIVIDUAL,debt_consolidation,Debt consolidation,desc,Physical Therapist,6 years,MORTGAGE,110000.0,,Not Verified,761xx,TX,44335.0,221675.0
76290,Tcd1af8oLa7e4f2efb3181d6c91f10f1fcf1d048c0616a9c74,Current,9000.0,FL,9000.0, 36 months,0.1299,303.20999,B,04-2014,2014.0,False,INDIVIDUAL,debt_consolidation,Debt consolidation,desc,Broker Associate/Vacation Video Owner,5 years,OWN,40000.0,,Verified,334xx,FL,3689.0,14756.0
77695,1804194139flfd38ba8a4fctnc4e9Hca8fRgd2b1cefab8rRO,Current,9250.0,TX,9250.0, 36 months,0.1999,343.72,E,04-2014,2014.0,False,INDIVIDUAL,debt_consolidation,Debt consolidation,desc,Teacher,3 years,MORTGAGE,48000.0,,Source Verified,773xx,TX,16581.0,149232.0
79887,dbmk04a19u86f91ecea3b3Xcdfcb9e5m4b9fe0dbd4,Current,9600.0,FL,9600.0, 36 months,0.1249,321.10999,B,04-2014,2014.0,False,INDIVIDUAL,home_improvement,Home improvement,desc,Scientist,10+ years,MORTGAGE,65000.0,,Not Verified,331xx,FL,31528.0,252220.0
79982,bf128d91ae8319f9n1fAfdbbb1Vab919aW83sYdeedaa14Vf2O,Current,9600.0,PA,9600.0, 36 months,0.1299,323.42001,B,04-2014,2014.0,False,INDIVIDUAL,debt_consolidation,Debt consolidation,desc,Adjunct Instructor,3 years,RENT,65000.0,,Not Verified,191xx,PA,5950.0,124953.0
80190,c49cf17edewab9a009daaecW0c08V85ddb1Eq14fea17fffe497e0dd,Current,9600.0,CA,9600.0, 36 months,0.1416,328.85999,C,04-2014,2014.0,False,INDIVIDUAL,other,Other,desc,Sr. HR Analyst,10+ years,MORTGAGE,75360.0,,Not Verified,910xx,CA,25841.0,516815.0
80466,bjJ9e9b01c2a41915b5Wf3c4h78acap12f203Wb20fLb280,Current,9600.0,CA,9600.0, 36 months,0.1757,345.0,D,04-2014,2014.0,False,INDIVIDUAL,debt_consolidation,Debt consolidation,desc,CONTROLLER,10+ years,MORTGAGE,64800.0,,Not Verified,914xx,CA,16840.0,202083.0
80919,d132eafbm9789e3tS8592a6dcY019891fcd9anb2c5b72Bn,Current,9750.0,OK,9750.0, 36 months,0.2049,364.79001,E,04-2014,2014.0,False,INDIVIDUAL,debt_consolidation,Debt consolidation,desc,HEALTH INFORMATION,10+ years,MORTGAGE,27300.0,,Source Verified,731xx,OK,2489.0,24888.0
82044,cb959evQe2C9cd9bb8d2dfae889bcd7daQta1PF,Current,10000.0,MN,10000.0, 60 months,0.1892,258.97,D,04-2014,2014.0,False,INDIVIDUAL,credit_card,Credit card refinancing,desc,machine operator,< 1 year,MORTGAGE,38000.0,,Not Verified,551xx,MN,16785.0,151068.0
82386,1Madcde5d4d36nDabfbefa0S881f048417c6dda6y8dwab1ccc,Current,10000.0,MI,10000.0, 60 months,0.1531,239.53,C,04-2014,2014.0,False,INDIVIDUAL,debt_consolidation,Debt consolidation,desc,mechenidzer,10+ years,MORTGAGE,27000.0,,Source Verified,485xx,MI,6660.0,59937.0
87828,6afdapf6e510d197e2c900bfdbe8fcc4Jaddde6de1d00unh03,Current,10000.0,NY,10000.0, 36 months,0.089,317.54001,A,04-2014,2014.0,False,INDIVIDUAL,credit_card,Credit card refinancing,desc,administrator,10+ years,RENT,60000.0,,Source Verified,100xx,NY,3536.0,45963.0
87841,8fc684da70e83efw88b8d184b9z9fdb7f9d0abd2e5a4ebb898r,Current,10000.0,MI,10000.0, 36 months,0.089,317.54001,A,04-2014,2014.0,False,INDIVIDUAL,debt_consolidation,Debt consolidation,desc,Moldmaker,7 years,MORTGAGE,60000.0,,Not Verified,480xx,MI,21666.0,216661.0
92636,acb288h1002Zca5p4f9a0e8a5d502ccbcd1c8f9wfbb5CIT88e3cf,Current,10000.0,MA,10000.0, 36 months,0.1199,332.10001,B,04-2014,2014.0,False,INDIVIDUAL,debt_consolidation,Debt consolidation,desc,Charge Nurse,9 years,MORTGAGE,79000.0,,Not Verified,020xx,MA,20551.0,328810.0
93974,13ZP0096a414d0d514Ud5bff9g8bb617a5c18c8bbf18affd27r,Current,10000.0,NY,10000.0, 36 months,0.1299,336.89999,B,04-2014,2014.0,False,INDIVIDUAL,debt_consolidation,Debt consolidation,desc,teacher,8 years,MORTGAGE,60000.0,,Verified,115xx,NY,18432.0,92161.0
94995,04c5bcPle1c6e8b0G7fe8d91bod9a9dbae819eed92fe5F,Current,10000.0,CA,10000.0, 36 months,0.1365,340.07999,C,04-2014,2014.0,False,INDIVIDUAL,debt_consolidation,Debt consolidation,desc,Admissions Advisor,1 year,RENT,44000.0,,Verified,926xx,CA,2026.0,18230.0
95567,Hb096kd118cetc2d0KcaQ7J13c0fd01feScdc48aFfdMK,Late (16-30 days),10000.0,CA,10000.0, 36 months,0.1416,342.56,C,04-2014,2014.0,False,INDIVIDUAL,credit_card,Credit card refinancing,desc,Human Resources,7 years,RENT,39404.0,,Verified,907xx,CA,2351.0,25866.0
95575,e391c1C05ad0b89de11d4vsf2Lua5Mfaf0c9nS9dDc5gZ,Current,10000.0,CA,10000.0, 36 months,0.1416,342.56,C,04-2014,2014.0,False,INDIVIDUAL,debt_consolidation,Debt consolidation,desc,Mac technician,3 years,RENT,60000.0,,Source Verified,944xx,CA,3834.0,19168.0
99822,11rd9o01ae18v0b93fcd8tb80fab9f9ba2e2a2X1df7bbd1fe,Current,10000.0,CT,10000.0, 60 months,0.0967,210.86,B,04-2014,2014.0,False,INDIVIDUAL,home_improvement,Home improvement,desc,Financial Controller,6 years,RENT,110000.0,,Not Verified,064xx,CT,105487.0,316460.0
101240,01b4jd4e09f9cV1cb3d1a2f205yd18fc28403b73be17b38adb03c0b,Current,10000.0,PA,10000.0, 60 months,0.1365,230.88,C,04-2014,2014.0,False,INDIVIDUAL,credit_card,Credit card refinancing,desc,Inside Sales,8 years,RENT,51000.0,,Source Verified,150xx,PA,7033.0,35166.0
101751,0cacZaad9bb4ra5cf8ea3bc08a2I8c4XNfbdde6eb802a3,Current,10000.0,AR,10000.0, 60 months,0.1464,236.02,C,04-2014,2014.0,False,INDIVIDUAL,debt_consolidation,Debt consolidation,desc,Quality control specialist,3 years,OWN,100000.0,,Not Verified,724xx,AR,20274.0,263565.0
101752,8e000bd114071e1f1ekPE1f19e9dfu9e041de9a7efeac4c713w10,Current,10000.0,OH,10000.0, 60 months,0.1464,236.02,C,04-2014,2014.0,False,INDIVIDUAL,small_business,Business,desc,,n/a,MORTGAGE,67000.0,,Source Verified,437xx,OH,5486.0,153607.0
102062,849d8cbcdefc41f0593e41f11Amb4e38c9f7d9cbf6f1faf611e998a2c0,Current,10000.0,WA,10000.0, 60 months,0.1531,239.53,C,04-2014,2014.0,False,INDIVIDUAL,home_improvement,Home improvement,desc,Service Supervisor,10+ years,MORTGAGE,82000.0,,Not Verified,983xx,WA,22737.0,250108.0
102152,001c9c91e8fftc915908dE99e78abf1cd414dcc7E18b3u18F,Current,10000.0,NY,10000.0, 60 months,0.1561,241.12,C,04-2014,2014.0,False,INDIVIDUAL,debt_consolidation,Debt consolidation,desc,gang foreperson,10+ years,RENT,105500.0,,Source Verified,146xx,NY,9926.0,99264.0
102153,de01499e086mnbclfcdd4Tafab9db6ed0c5adsa5Ga1aa1cea03,Current,10000.0,NY,10000.0, 60 months,0.1561,241.12,C,04-2014,2014.0,False,INDIVIDUAL,credit_card,Credit card refinancing,desc,Night Grocery,1 year,RENT,24000.0,,Source Verified,145xx,NY,1112.0,10005.0
102525,bf51bJ1ca8qa7NNe2cdab0bK85e3e914b215ib0c200f8,Current,10000.0,CA,10000.0, 60 months,0.1659,246.33,D,04-2014,2014.0,False,INDIVIDUAL,credit_card,Credit card refinancing,desc,sales designer,5 years,MORTGAGE,72000.0,,Source Verified,959xx,CA,4486.0,35888.0
102526,9ac9efd792i8fde8bdbI93f3bca70fc5cfc290b6e101c29f8319qa1,Current,10000.0,NJ,10000.0, 60 months,0.1659,246.33,D,04-2014,2014.0,False,INDIVIDUAL,debt_consolidation,Debt consolidation,desc,Paraprofessional,10+ years,OWN,30000.0,,Source Verified,087xx,NJ,2455.0,22093.0
103315,00bd2d910m83aed7e4939etc7b0f0febk8fcddae58960212,Current,10000.0,TX,10000.0, 60 months,0.1947,262.0,D,04-2014,2014.0,False,INDIVIDUAL,debt_consolidation,Debt consolidation,desc,Insurance Adjuster,5 years,MORTGAGE,75000.0,,Source Verified,762xx,TX,21981.0,263776.0
105094,c7c1dDve14pd580bc12141cd93V2b9d28a1ac8wF1adc9c,Current,10250.0,KY,10250.0, 60 months,0.1825,261.67999,D,04-2014,2014.0,False,INDIVIDUAL,credit_card,Credit card refinancing,desc,Master Installer,2 years,MORTGAGE,45000.0,,Verified,401xx,KY,2821.0,36668.0
105107,0b995a6d5bfb0b8bab7U97t830fa5bbc711Aj15y1cH1eGe9c3a5,Late (31-120 days),10275.0,NY,10275.0, 36 months,0.1947,379.09,D,04-2014,2014.0,False,INDIVIDUAL,debt_consolidation,Debt consolidation,desc,registered dental hygienist,2 years,MORTGAGE,70000.0,,Source Verified,117xx,NY,23890.0,286675.0
105341,f81cc6qdeJJaba1e28ek03cbc9aaTtkvdd0ccMebbbd5,Current,10400.0,NY,10400.0, 36 months,0.0662,319.32001,A,04-2014,2014.0,False,INDIVIDUAL,credit_card,Credit card refinancing,desc,IT Site Manager,10+ years,MORTGAGE,93000.0,,Source Verified,126xx,NY,20870.0,292178.0
105683,039482MTMM95Aff0efakabuc78c1ekaee11q80b3c1aeze2c6,Late (31-120 days),10400.0,WI,10400.0, 60 months,0.2118,282.41,E,04-2014,2014.0,False,INDIVIDUAL,vacation,Vacation,desc,Programmer,< 1 year,RENT,60000.0,,Verified,530xx,WI,1959.0,9797.0
105813,ceGa8d2fci0bb5bA93b4a9cacf4bf93b8fcflc8Oc3e31bb114d4,Current,10450.0,OR,10450.0, 60 months,0.1947,273.79001,D,04-2014,2014.0,False,INDIVIDUAL,credit_card,Credit card refinancing,desc,Branch Manager,8 years,MORTGAGE,44900.0,,Source Verified,971xx,OR,27910.0,195371.0
105831,aeDfPc6Wb48ddbbgf0hb8e993bceb615f09800b711edVd8,Current,10475.0,SC,10475.0, 36 months,0.1199,347.87,B,04-2014,2014.0,False,INDIVIDUAL,debt_consolidation,Debt consolidation,desc,Director,5 years,MORTGAGE,25000.0,,Source Verified,296xx,SC,2765.0,16587.0
106508,08f5e5fa1c81d89b81m1at00E1c00y15a0beb6Nbfa1c483,Current,10500.0,GA,10500.0, 60 months,0.1561,253.17,C,04-2014,2014.0,False,INDIVIDUAL,home_improvement,Home improvement,desc,Accountant,10+ years,MORTGAGE,88000.0,,Not Verified,300xx,GA,18571.0,352845.0
106986,0ef0fb492d210bc29197fbaba5feacc6f3r1d9e31cb5ed0ccb,Current,10625.0,IL,10625.0, 60 months,0.2049,284.41,E,04-2014,2014.0,False,INDIVIDUAL,debt_consolidation,Debt consolidation,desc,trooper,5 years,MORTGAGE,77000.0,,Source Verified,622xx,IL,35980.0,215878.0
107926,a9ce6lb57f07abb906La815c69efab1c7U1fqB1910fb1f971e9eM92,In Grace Period,10750.0,MA,10750.0, 36 months,0.1757,386.32999,D,04-2014,2014.0,False,INDIVIDUAL,debt_consolidation,Debt consolidation,desc,Teacher,10+ years,MORTGAGE,36000.0,,Verified,020xx,MA,37352.0,261463.0
108481,f8cfk1eOcda9c1af01b5e7ffM0089f8c701c2fce1mZef,Current,10800.0,OH,10800.0, 60 months,0.1365,249.35001,C,04-2014,2014.0,False,INDIVIDUAL,debt_consolidation,Debt consolidation,desc,area manager,10+ years,MORTGAGE,90000.0,,Verified,440xx,OH,13703.0,150730.0
108902,gZd4e4032a7981798af9ff515fbEd0If0aba20ea7eanae9c15,Current,10975.0,IL,10975.0, 60 months,0.1892,284.22,D,04-2014,2014.0,False,INDIVIDUAL,credit_card,Credit card refinancing,desc,School Bus Driver,4 years,RENT,25000.0,,Source Verified,605xx,IL,2224.0,31142.0
111016,bcfd9c2e012v8f4t998dc7baDC7ffd00daabf89c18jd84e3,Current,11000.0,OH,11000.0, 60 months,0.1299,250.23,B,04-2014,2014.0,False,INDIVIDUAL,credit_card,Credit card refinancing,desc,OFFICE MANAGER,3 years,MORTGAGE,68000.0,,Not Verified,437xx,OH,10001.0,160021.0
111101,c49f847f81c89fL7X03d9c6eac9bb48dd5f199e18908R071fg,Current,11000.0,MD,11000.0, 60 months,0.1416,256.87,C,04-2014,2014.0,False,INDIVIDUAL,debt_consolidation,Debt consolidation,desc,Mortgage Underwriter,1 year,MORTGAGE,85000.0,,Not Verified,210xx,MD,29959.0,299587.0
111177,0fe91dajb11epf79788b21m86a4e7e0ebab91cae6cbfacecc,Current,11000.0,PA,11000.0, 60 months,0.1531,263.48999,C,04-2014,2014.0,False,INDIVIDUAL,credit_card,Credit card refinancing,desc,Teacher,8 years,RENT,85256.0,,Verified,191xx,PA,5821.0,52390.0
111399,95d0cbce05Yb107e90187bca3b1d1b5n7f1ce8efec99Ld7aeHdabR,Current,11000.0,AR,11000.0, 60 months,0.2049,294.44,E,04-2014,2014.0,False,INDIVIDUAL,debt_consolidation,Debt consolidation,desc,Public Relatins,5 years,MORTGAGE,31200.0,,Not Verified,729xx,AR,15534.0,108738.0
111590,ebof7d4b6f5ecc7fc2706bmc29eeb97nec049ee8J8bO,Current,11075.0,WA,11075.0, 60 months,0.1825,282.75,D,04-2014,2014.0,False,INDIVIDUAL,credit_card,Credit card refinancing,desc,support enforcement officer,10+ years,RENT,49386.0,,Verified,984xx,WA,4232.0,50792.0
111820,Ucb111198P9e2b9f18ded91a8691dfra70287bcf81806f6ed06dd,Current,11200.0,SC,11200.0, 60 months,0.1659,275.89001,D,04-2014,2014.0,False,INDIVIDUAL,credit_card,Credit card refinancing,desc,Asst Store Mgr,3 years,RENT,31500.0,,Source Verified,296xx,SC,5265.0,31589.0
112805,ra1a8c79fjG15sdcf7b0c6f48717A8c1ac0se4f6b8M7fb3,Current,11200.0,AZ,11200.0, 60 months,0.1757,281.79999,D,04-2014,2014.0,False,INDIVIDUAL,debt_consolidation,Debt consolidation,desc,Manager,1 year,MORTGAGE,42000.0,,Not Verified,857xx,AZ,32962.0,164808.0
113105,Kccfacf1dt1f18fa97ic51ccdff83YJ0eb4X848193ednK,Current,11275.0,FL,11275.0, 36 months,0.1947,415.98999,D,04-2014,2014.0,False,INDIVIDUAL,debt_consolidation,Debt consolidation,desc,Accounting Technician Internal Accounts,10+ years,RENT,31494.391,,Source Verified,334xx,FL,2154.0,27998.0
113422,cb8e8fd0gf9de8ahd18704cfcfd4jcaa8acbe9d294d0879,Current,11400.0,SC,11400.0, 60 months,0.1464,269.06,C,04-2014,2014.0,False,INDIVIDUAL,debt_consolidation,Debt consolidation,desc,Engineer,10+ years,MORTGAGE,70000.0,,Source Verified,294xx,SC,32520.0,390243.0
114053,yred96Bf110V015jd2a5bb1ae995c850b389vc0V1bc0f9e988da,Current,11500.0,NY,11500.0, 60 months,0.2408,331.37,F,04-2014,2014.0,False,INDIVIDUAL,other,Other,desc,production,6 years,OWN,36000.0,,Source Verified,128xx,NY,5360.0,42882.0
114110,95qvb0f28aL6e804h06b4d4leefee0a1ImIV11n,Current,11525.0,MI,11525.0, 60 months,0.1757,289.98001,D,04-2014,2014.0,False,INDIVIDUAL,debt_consolidation,Debt consolidation,desc,Technical Coordinator,10+ years,MORTGAGE,85000.0,,Verified,483xx,MI,4135.0,24815.0
114217,f4b1b606e8e0zaa9ce1qebfed0aaccLc306H08cdeb303bea9,Current,11600.0,GA,11600.0, 60 months,0.2408,334.25,F,04-2014,2014.0,False,INDIVIDUAL,debt_consolidation,Debt consolidation,desc,Senior Support Analyst,< 1 year,RENT,70000.0,,Not Verified,313xx,GA,10005.0,140063.0
114495,e2af82r0ebdebb2qe2f4b0cd11c3a512918boe4d89aBHd3fd215,Current,11700.0,KS,11700.0, 60 months,0.1464,276.14001,C,04-2014,2014.0,False,INDIVIDUAL,debt_consolidation,Debt consolidation,desc,Foster Care Worker,9 years,MORTGAGE,39000.0,,Not Verified,670xx,KS,9621.0,86587.0
114550,fe13908ae5fdDpabc39b82a1ydaf5db01baUc28d1afd2,Current,11725.0,CT,11725.0, 60 months,0.1531,280.85001,C,04-2014,2014.0,False,INDIVIDUAL,debt_consolidation,Debt consolidation,desc,ILST,5 years,RENT,28000.0,,Not Verified,062xx,CT,1637.0,13093.0
114551,rifyGf5b9c17Cf297ab9e94fda589e7ed15e1c9ub8e2b9l,Current,11725.0,VT,11725.0, 60 months,0.1757,295.01001,D,04-2014,2014.0,False,INDIVIDUAL,credit_card,Credit card refinancing,desc,manufacturing floater,4 years,RENT,45000.0,,Verified,057xx,VT,1560.0,15602.0
114982,f1ebfR4a9db9bdf8cc8jedc7002e8900408b504zfeacd1o80G,Current,11950.0,WV,11950.0, 60 months,0.1561,288.14001,C,04-2014,2014.0,False,INDIVIDUAL,debt_consolidation,Debt consolidation,desc,maintenance supervisor,10+ years,MORTGAGE,90000.0,,Not Verified,260xx,WV,7163.0,78788.0
115426,9dc8zd19545c0rd7yf593PeadWb7058a0c9d84cb86ecS,Current,12000.0,TX,12000.0, 60 months,0.1659,295.60001,D,04-2014,2014.0,False,INDIVIDUAL,credit_card,Credit card refinancing,desc,driver,5 years,OWN,72000.0,,Source Verified,768xx,TX,6074.0,60737.0
115440,83120c03M16qJfab7eej1f99A43b8b01cl047ec10dd86c4dad7a5,Current,12000.0,CA,12000.0, 60 months,0.1999,317.85999,E,04-2014,2014.0,False,INDIVIDUAL,debt_consolidation,Debt consolidation,desc,,n/a,RENT,38000.0,,Verified,921xx,CA,5748.0,40238.0
115442,e0b5afb4c391Ef9db47cbdf03d1b008dc17tb5t808db4041f,Current,12000.0,IL,12000.0, 60 months,0.2049,321.20999,E,04-2014,2014.0,False,INDIVIDUAL,debt_consolidation,Debt consolidation,desc,System Coordinator,10+ years,MORTGAGE,53000.0,,Verified,627xx,IL,20475.0,204751.0
115656,07cdb01b16c3e9Tcbdfe0eCccd79bEd7At00c12if885pI,Current,12000.0,IL,12000.0, 60 months,0.2245,334.51001,E,04-2014,2014.0,False,INDIVIDUAL,small_business,Business,desc,Director,1 year,RENT,200000.0,,Verified,606xx,IL,26885.0,564575.0
117726,0bae07Yfcbfge41af899f5b4ae0c108abc1f1c9cf26cate2bb0eef,Current,12000.0,TN,12000.0, 36 months,0.079,375.48999,A,04-2014,2014.0,False,INDIVIDUAL,credit_card,Credit card refinancing,desc,Business Manager,2 years,MORTGAGE,62500.0,,Not Verified,379xx,TN,24722.0,197779.0
118626,bc10bbkb2Jb3afU17e3e2fbba4uf092vd286faca9fad7f,Current,12000.0,CA,12000.0, 36 months,0.089,381.04001,A,04-2014,2014.0,False,INDIVIDUAL,credit_card,Credit card refinancing,desc,Registered nurse,6 years,RENT,120000.0,,Verified,928xx,CA,6211.0,62109.0
119109,b29aebcceb9dbN10b1tdbffbae089fdQa2e0re4af1cf2,Current,12000.0,IL,12000.0, 36 months,0.0967,385.35001,B,04-2014,2014.0,False,INDIVIDUAL,credit_card,Credit card refinancing,desc,Architect,5 years,MORTGAGE,82000.0,,Not Verified,606xx,IL,4723.0,33058.0
121524,fa14fcb512Jf3ea9d8cg06aa93cefa84a7rl08990erd2f00b,Current,12000.0,TX,12000.0, 36 months,0.1249,401.39001,B,04-2014,2014.0,False,INDIVIDUAL,debt_consolidation,Debt consolidation,desc,auto door tech,10+ years,MORTGAGE,70450.813,,Source Verified,788xx,TX,13478.0,134782.0
121868,f2gOf2YTj0efc19Aa4Dbaf398c3bbd2n89f1dcc59007Leae5d4c8,Late (31-120 days),12000.0,TX,12000.0, 36 months,0.1299,404.26999,B,04-2014,2014.0,False,INDIVIDUAL,debt_consolidation,Debt consolidation,desc,market service specialist,10+ years,MORTGAGE,62000.0,,Not Verified,770xx,TX,30494.0,121974.0
125152,fef5a6e7kd6c91519b7fc1b07c9acf9opc5acf9W94eec28789S1bG,Current,12000.0,TN,12000.0, 60 months,0.1199,266.88,B,04-2014,2014.0,False,INDIVIDUAL,credit_card,Credit card refinancing,desc,General Manager,7 years,MORTGAGE,70000.0,,Not Verified,370xx,TN,14079.0,140786.0
126348,92Udaffd9favbbdba60816e180wYa8a47c68bn8deaeec990,Current,12000.0,TX,12000.0, 60 months,0.1416,280.22,C,04-2014,2014.0,False,INDIVIDUAL,credit_card,Credit card refinancing,desc,Claim Handler,< 1 year,MORTGAGE,35000.0,,Not Verified,751xx,TX,38510.0,192548.0
126352,9e92b5UY8a9a0fb9a8beafe1710hb0e69PccS96gb6b892cc,In Grace Period,12000.0,MD,12000.0, 60 months,0.1416,280.22,C,04-2014,2014.0,False,INDIVIDUAL,credit_card,Credit card refinancing,desc,Project Manager,5 years,MORTGAGE,72400.0,,Source Verified,214xx,MD,49827.0,298960.0
126545,88ebfab98efa981eb6d4c18attefTe9a21c591bb1b,Current,12000.0,MI,12000.0, 60 months,0.1464,283.22,C,04-2014,2014.0,False,INDIVIDUAL,medical,Medical expenses,desc,Account Service Manager,3 years,RENT,38000.0,,Source Verified,483xx,MI,5213.0,52130.0
126915,Rccfaaaaa4a3b3d4D95a9ba98V96deaYbecbc79dY8dac19,Current,12000.0,FL,12000.0, 60 months,0.1531,287.44,C,04-2014,2014.0,False,INDIVIDUAL,credit_card,Credit card refinancing,desc,City Carrier,1 year,OWN,100000.0,,Source Verified,334xx,FL,54515.0,490638.0
127007,c997Qb116d0a0cdte2e099caad41db6b119Pc0Z931c0j1304e3,Current,12000.0,PA,12000.0, 60 months,0.1561,289.34,C,04-2014,2014.0,False,INDIVIDUAL,debt_consolidation,Debt consolidation,desc,Tech,9 years,RENT,60000.0,,Source Verified,168xx,PA,8737.0,26211.0
127011,J04b2tHe8ddc211bec5sed05faGc11b10b89b014f188a1,Current,12000.0,KY,12000.0, 60 months,0.1561,289.34,C,04-2014,2014.0,False,INDIVIDUAL,debt_consolidation,Debt consolidation,desc,Manager / Mortgage Consultant,3 years,MORTGAGE,45000.0,,Not Verified,412xx,KY,39322.0,235931.0
127020,Obaha08a960b07eeCc4f894dcce06r1ciecb1c4ab05bac4Eg,Current,12000.0,NY,12000.0, 60 months,0.1561,289.34,C,04-2014,2014.0,False,INDIVIDUAL,debt_consolidation,Debt consolidation,desc,RN,4 years,MORTGAGE,72000.0,,Not Verified,141xx,NY,12830.0,115474.0
127651,wF16Xa0favacce13Jafd0b9a5Nb4986e489d501910c3ee,Current,12000.0,CT,12000.0, 60 months,0.1757,301.92999,D,04-2014,2014.0,False,INDIVIDUAL,credit_card,Credit card refinancing,desc,Registered Nurse,< 1 year,MORTGAGE,75000.0,,Verified,067xx,CT,1570.0,31400.0
128457,18Ye5c14Od2c2e896pb1c3144af890106bdcqcc11e4cc7a1Ha7,Current,12000.0,WA,12000.0, 60 months,0.2245,334.51001,E,04-2014,2014.0,False,INDIVIDUAL,debt_consolidation,Debt consolidation,desc,Buyer,2 years,OWN,90000.0,,Not Verified,982xx,WA,12422.0,223592.0
128519,b7Pfbffe0857fb5Gce8bDba4o05fdoddtVm88f1Tbek,Current,12000.0,AK,12000.0, 60 months,0.2343,341.26001,F,04-2014,2014.0,False,INDIVIDUAL,debt_consolidation,Debt consolidation,desc,Aircraft Mechanic,10+ years,OWN,85000.0,,Source Verified,990xx,AK,3485.0,38338.0
128924,af9df7f8cc8aT19f41ae28ea8Ce1bdmee85abdaf1jd1ab0ceO,Current,12050.0,NV,12050.0, 60 months,0.1947,315.70999,D,04-2014,2014.0,False,INDIVIDUAL,debt_consolidation,Debt consolidation,desc,manager,6 years,MORTGAGE,33600.0,,Not Verified,891xx,NV,2690.0,43034.0
129146,c0a3d961e88afa981d6d698bd07931aAf59506fbc2b7179b8a,Current,12175.0,IL,12175.0, 60 months,0.1999,322.5,E,04-2014,2014.0,False,INDIVIDUAL,debt_consolidation,Debt consolidation,desc,Paralegal,1 year,MORTGAGE,29120.0,,Not Verified,605xx,IL,22021.0,110107.0
130543,9151fd1e8f3583bfbae4b91efac5sop109fefdbeea515abefV90,Current,12600.0,OH,12600.0, 60 months,0.1561,303.81,C,04-2014,2014.0,False,INDIVIDUAL,debt_consolidation,Debt consolidation,desc,Administrative Assit Secretary,10+ years,MORTGAGE,40000.0,,Source Verified,440xx,OH,4543.0,63605.0
130895,a05fba3rsd4t87a5d3fbTebr32a0a6we55e79da68fWbbU,Current,12625.0,TX,12625.0, 36 months,0.1464,435.42999,C,04-2014,2014.0,False,INDIVIDUAL,debt_consolidation,Debt consolidation,desc,Business System Analyst,1 year,MORTGAGE,72000.0,,Not Verified,761xx,TX,6941.0,97168.0
130968,e6b8b19bOmr8dc604cfc009a82dbbfd6d6aeUb8kf7a0Ca1,In Grace Period,12675.0,KY,12675.0, 36 months,0.1531,441.31,C,04-2014,2014.0,False,INDIVIDUAL,credit_card,Credit card refinancing,desc,Medical Transcriptionist,10+ years,MORTGAGE,37500.0,,Source Verified,410xx,KY,2282.0,31942.0
131067,5MX17f38412l99t84deb10bdcQ9d1f9c8ecdecnc1f59b14C18,Current,12750.0,CA,12750.0, 60 months,0.2049,341.29001,E,04-2014,2014.0,False,INDIVIDUAL,debt_consolidation,Debt consolidation,desc,Senior Accountant,10+ years,MORTGAGE,60000.0,,Source Verified,917xx,CA,43659.0,480246.0
131454,a811V9d9c9g1dIc1oK95b8p9bbdf1Ie4f0f712d58e17ccq,Current,12800.0,LA,12800.0, 60 months,0.1825,326.78,D,04-2014,2014.0,False,INDIVIDUAL,debt_consolidation,Debt consolidation,desc,Office manager,10+ years,RENT,35000.0,,Source Verified,701xx,LA,4374.0,21868.0
131791,dbic987j2918ee9e0NCud8e686f894g02Kddece4b1f19f18ud7aa,Current,12800.0,NY,12800.0, 36 months,0.2118,483.42999,E,04-2014,2014.0,False,INDIVIDUAL,debt_consolidation,Debt consolidation,desc,Court Stenographer,10+ years,RENT,85000.0,,Source Verified,114xx,NY,4480.0,40322.0
134363,11nZ8i8d90f7a5c392e5aef6GN84a393I19Ca403f0cf,Current,13000.0,LA,13000.0, 60 months,0.1249,292.41,B,04-2014,2014.0,False,INDIVIDUAL,major_purchase,Major purchase,desc,COTA,4 years,MORTGAGE,50000.0,,Verified,700xx,LA,11466.0,206388.0
134562,a4Dccedb1ge9ae1bfaKba511geI1dedoe3dec0f108f5,Current,13000.0,TX,13000.0, 60 months,0.1464,306.82001,C,04-2014,2014.0,False,INDIVIDUAL,debt_consolidation,Debt consolidation,desc,Office Manager,< 1 year,RENT,40000.0,,Source Verified,750xx,TX,4736.0,28418.0
134566,beccc4f39d8be8a13baef9dMub716b0d205c7Omecyfcadae,Current,13000.0,TX,13000.0, 60 months,0.1464,306.82001,C,04-2014,2014.0,False,INDIVIDUAL,major_purchase,Major purchase,desc,Payroll Clerk / General Cashier,3 years,RENT,42369.0,,Source Verified,761xx,TX,1519.0,9114.0
134619,3haca8f896a5ac0aa97v5bd93190I8brf8a7wff1aba,Current,13000.0,OR,13000.0, 60 months,0.1561,313.45001,C,04-2014,2014.0,False,INDIVIDUAL,debt_consolidation,Debt consolidation,desc,Sr Business Systems Analyst,10+ years,MORTGAGE,88000.0,,Source Verified,970xx,OR,19089.0,286328.0
134681,b0ta30f02f0e6Q9fi8ea89e8288811ca40cf3f8e01d00Ire5c8,Current,13000.0,FL,13000.0, 60 months,0.1659,320.23001,D,04-2014,2014.0,False,INDIVIDUAL,debt_consolidation,Debt consolidation,desc,,n/a,MORTGAGE,58825.801,,Verified,338xx,FL,15900.0,79500.0
134832,06ibac4f11adccc1987d0084t98abH94d4je9K05e2ff,Current,13000.0,NY,13000.0, 60 months,0.2049,347.98001,E,04-2014,2014.0,False,INDIVIDUAL,debt_consolidation,Debt consolidation,desc,Vault Custodian,10+ years,RENT,35000.0,,Verified,144xx,NY,2530.0,27830.0
134982,1ff3019b18beeew98dfOC3nAf2PJ1fP1te899f8gW7f,Current,13075.0,CA,13075.0, 60 months,0.1199,290.79001,B,04-2014,2014.0,False,INDIVIDUAL,home_improvement,Home improvement,desc,ROI Representative,8 years,MORTGAGE,103524.0,,Source Verified,917xx,CA,1863.0,16766.0
135028,efac01W91b1cdc3Eebfa7f98ea9b407dG9b6M1cbf12c596e5g,Current,13100.0,IL,13100.0, 60 months,0.1999,347.0,E,04-2014,2014.0,False,INDIVIDUAL,debt_consolidation,Debt consolidation,desc,inbound dock manager,7 years,MORTGAGE,62000.0,,Not Verified,601xx,IL,68162.0,477132.0
135441,caf1eba3naee6d2rbe9401Fc5feef01dfc196sLbd805abd7c3W,Current,13200.0,CA,13200.0, 60 months,0.1464,311.54001,C,04-2014,2014.0,False,INDIVIDUAL,debt_consolidation,Debt consolidation,desc,Manager,10+ years,MORTGAGE,94126.0,,Source Verified,923xx,CA,39754.0,397543.0
135442,84119e838bb1fa18b080fbf99998eF03d914eeb4aazc34ecbcM,Current,13200.0,PA,13200.0, 60 months,0.1464,311.54001,C,04-2014,2014.0,False,INDIVIDUAL,debt_consolidation,Debt consolidation,desc,On-Site Support,1 year,RENT,40000.0,,Source Verified,152xx,PA,3321.0,43170.0
135465,iKf48400bcetd4b988tl18defe7d5f9c8w0Te502c,Current,13200.0,PA,13200.0, 60 months,0.1757,332.12,D,04-2014,2014.0,False,INDIVIDUAL,home_improvement,Home improvement,desc,Teacher,10+ years,MORTGAGE,90000.0,,Source Verified,152xx,PA,25478.0,152866.0
136152,0cvn02d393heac7bfRcfb5W82n9ac0198117b999,Current,13500.0,NC,13500.0, 36 months,0.1199,448.32999,B,04-2014,2014.0,False,INDIVIDUAL,debt_consolidation,Debt consolidation,desc,Teacher,3 years,RENT,44000.0,,Not Verified,276xx,NC,6239.0,162201.0
136825,Te0ddE140fhedpVJe202c7r85e4nB9131700bba7Wef03,Current,13700.0,NY,13700.0, 36 months,0.1757,492.34,D,04-2014,2014.0,False,INDIVIDUAL,debt_consolidation,Debt consolidation,desc,Bus operator,2 years,RENT,40000.0,,Verified,114xx,NY,5968.0,41773.0
136853,a3nca8cf818bce105afef84f29981lm92ddnVfab59ca5Q,Current,13700.0,OH,13700.0, 60 months,0.245,398.10999,F,04-2014,2014.0,False,INDIVIDUAL,other,Other,desc,cnc programer,< 1 year,MORTGAGE,120000.0,,Source Verified,443xx,OH,20069.0,200685.0
139054,861e0eEa3b4f4acfUf4VIt8dXHc6B891bfdad7d5bc00,Current,14000.0,MD,14000.0, 36 months,0.1299,471.64999,B,04-2014,2014.0,False,INDIVIDUAL,debt_consolidation,Debt consolidation,desc,"VP Finance, Dir. of Production",10+ years,RENT,114400.0,,Verified,211xx,MD,4974.0,114413.0
141488,a89F95bdra319eeb0a9f789ebc388Odc01FQfde2dcd3,Current,14150.0,OH,14150.0, 36 months,0.1659,501.60999,D,04-2014,2014.0,False,INDIVIDUAL,debt_consolidation,Debt consolidation,desc,,n/a,MORTGAGE,37060.0,,Verified,456xx,OH,5944.0,89167.0
141611,ad90cd9bp8df91803dcEc98EbdccLee85dec2n0cf0W8e,Current,14250.0,AR,14250.0, 60 months,0.2199,393.48999,E,04-2014,2014.0,False,INDIVIDUAL,home_improvement,Home improvement,desc,Producer/Editor,1 year,MORTGAGE,50000.0,,Source Verified,722xx,AR,5428.0,27142.0
141685,0ef1ehpe0e8hfeyab99bd97c28a9db297c3L8eDr0651baaeb17,Current,14300.0,IL,14300.0, 60 months,0.1416,333.92999,C,04-2014,2014.0,False,INDIVIDUAL,debt_consolidation,Debt consolidation,desc,P&D Driver,7 years,MORTGAGE,72000.0,,Not Verified,604xx,IL,39001.0,312008.0
141691,af8ad7196e50eb20ea2tf19ce7de8ea7ec0cebSceabc406cd18b6,Current,14300.0,WA,14300.0, 60 months,0.1757,359.79001,D,04-2014,2014.0,False,INDIVIDUAL,debt_consolidation,Debt consolidation,desc,Plumber,6 years,RENT,58240.0,,Source Verified,980xx,WA,8493.0,50957.0
141786,ef81160bE92i80Kef8ecb8a3a5Mr16Ice821ccaa6c182aaa3fa,Current,14375.0,CA,14375.0, 60 months,0.1892,372.26999,D,04-2014,2014.0,False,INDIVIDUAL,debt_consolidation,Debt consolidation,desc,CUSTOMER SERVICE/QUALITY CONTROL,4 years,RENT,36000.0,,Source Verified,908xx,CA,4379.0,61299.0
143094,384wf4cbf4i7fn8dJe708n818d9b9ar92d2i95d0dcd7a9,Current,14400.0,OR,14400.0, 60 months,0.1659,354.72,D,04-2014,2014.0,False,INDIVIDUAL,debt_consolidation,Debt consolidation,desc,Illustrator,< 1 year,RENT,42556.801,,Source Verified,970xx,OR,4558.0,36462.0
143096,A8516b6841dd7JVbcnd78de4e7c59qseBa6abL89db9bdf,Late (31-120 days),14400.0,FL,14400.0, 60 months,0.1659,354.72,D,04-2014,2014.0,False,INDIVIDUAL,home_improvement,Home improvement,desc,Receiving Supervisor,10+ years,MORTGAGE,45000.0,,Not Verified,336xx,FL,8702.0,95719.0
143248,1bN0cacdd9f8295M13d9e89fcdcEuebAfcf9b3Y15KQ9694176,Current,14400.0,KS,14400.0, 60 months,0.2118,391.03,E,04-2014,2014.0,False,INDIVIDUAL,credit_card,Credit card refinancing,desc,Office Manager,6 years,RENT,50000.0,,Source Verified,672xx,KS,2625.0,41996.0
143998,eae7ff8ee1eb28dr8dmvf9bcV0c7fefkc5e1Y1fb7UG07bbb7,Current,14700.0,DC,14700.0, 60 months,0.1825,375.29001,D,04-2014,2014.0,False,INDIVIDUAL,debt_consolidation,Debt consolidation,desc,Admission rep,10+ years,RENT,35000.0,,Verified,200xx,DC,1228.0,15970.0
144118,ece7dc811cfc882e7f1ccacd1t88e7bcU87bco1db1fd707c80006s,Current,14775.0,AL,14775.0, 60 months,0.1561,356.25,C,04-2014,2014.0,False,INDIVIDUAL,credit_card,Credit card refinancing,desc,screener,10+ years,MORTGAGE,39680.0,,Source Verified,357xx,AL,4209.0,21043.0
144779,PRFySP06cfWhcfHa4B10cae1a7ccsd01410K19,Current,15000.0,TX,15000.0, 36 months,0.0762,467.42999,A,04-2014,2014.0,False,INDIVIDUAL,debt_consolidation,Debt consolidation,desc,Truck Driver,3 years,MORTGAGE,78000.0,,Source Verified,761xx,TX,18554.0,204090.0
145260,d39bcda4cf82a0a9c5d2a7e2a013Vd9oa1d868a84c7Yc2006a3cc,Current,15000.0,KS,15000.0, 36 months,0.1561,524.47998,C,04-2014,2014.0,False,INDIVIDUAL,debt_consolidation,Debt consolidation,desc,Director of Risk & Records Info. Mgmt,10+ years,RENT,117000.0,,Source Verified,660xx,KS,2426.0,38817.0
146283,mM8914f28b9dt01aa83b9Dc1ec1bbabfSHf65b7bc0f9da1,Current,15000.0,IL,15000.0, 36 months,0.0662,460.56,A,04-2014,2014.0,False,INDIVIDUAL,debt_consolidation,Debt consolidation,desc,Special Assistant to the CFO,2 years,RENT,59000.0,,Not Verified,606xx,IL,6474.0,103588.0
153057,19b1b05ac1f5d9Bd8e0a2c07901d83dce510a1f9Bcb1bdba5,Current,15000.0,CA,15000.0, 36 months,0.1531,522.26001,C,04-2014,2014.0,False,INDIVIDUAL,other,Other,desc,manager,10+ years,RENT,40000.0,,Source Verified,900xx,CA,926.0,14817.0
155801,a2cdaefcbdb3b2W88HLZ98c795tS13d9c64ffyWaee0V,Current,15000.0,MA,15000.0, 60 months,0.1249,337.39999,B,04-2014,2014.0,False,INDIVIDUAL,debt_consolidation,Debt consolidation,desc,"Manager, New Business",1 year,MORTGAGE,100000.0,,Not Verified,015xx,MA,19994.0,179948.0
156393,eafb97btdaVebMffB7f0s1c0fb9d0c2c40edea896c36afG88,Current,15000.0,CT,15000.0, 60 months,0.1365,346.31,C,04-2014,2014.0,False,INDIVIDUAL,debt_consolidation,Debt consolidation,desc,RN,10+ years,MORTGAGE,90000.0,,Verified,064xx,CT,20556.0,226119.0
156888,naac8o69ek898baaezB1cd6Fe4e9b516e583def9dce71a,Current,15000.0,FL,15000.0, 60 months,0.1464,354.03,C,04-2014,2014.0,False,INDIVIDUAL,debt_consolidation,Debt consolidation,desc,Contract Specialist,4 years,MORTGAGE,60000.0,,Not Verified,327xx,FL,9705.0,242631.0
156889,f8W0810m8c12sc6c202d392u85f96Kf7dbP87c4Ob2c50b18fn5e4,Current,15000.0,OH,15000.0, 60 months,0.1464,354.03,C,04-2014,2014.0,False,INDIVIDUAL,credit_card,Credit card refinancing,desc,co manager,10+ years,OWN,47000.0,,Not Verified,451xx,OH,15676.0,125407.0
156893,rf1P8bX18b7e9b6aad159ec4e5fa0f129f87ore6ecf7bb82f7,Current,15000.0,KS,15000.0, 60 months,0.1464,354.03,C,04-2014,2014.0,False,INDIVIDUAL,debt_consolidation,Debt consolidation,desc,equipment operator/ truck driver,8 years,MORTGAGE,59000.0,,Not Verified,665xx,KS,22446.0,134676.0
157210,zaac8tad87cey8f9e8493e2zcad6a817td8f7hVZDb1,Current,15000.0,NC,15000.0, 60 months,0.1531,359.29999,C,04-2014,2014.0,False,INDIVIDUAL,credit_card,Credit card refinancing,desc,Assistant Professor,4 years,MORTGAGE,63000.0,,Not Verified,272xx,NC,19637.0,235645.0
158506,5daebPabbd604rf9d595kc18c1ee7Bfcn1dvL1b0183wX98,Current,15000.0,TN,15000.0, 60 months,0.1947,393.0,D,04-2014,2014.0,False,INDIVIDUAL,debt_consolidation,Debt consolidation,desc,driver,4 years,MORTGAGE,88000.0,,Not Verified,376xx,TN,12830.0,128303.0
159299,e00bInfa2088502X92e5eaa968d05Ub0Aady98d1Y95e407,Current,15100.0,NY,15100.0, 36 months,0.1757,542.65002,D,04-2014,2014.0,False,INDIVIDUAL,other,Other,desc,Porter,6 years,RENT,42000.0,,Verified,104xx,NY,1161.0,5804.0
159349,fdff0f87a6c3K4bf91c4c9dii9b0V8ftacD4Ia483o,Current,15125.0,LA,15125.0, 60 months,0.1659,372.57001,D,04-2014,2014.0,False,INDIVIDUAL,debt_consolidation,Debt consolidation,desc,Adminstrative assistant ,10+ years,MORTGAGE,45000.0,,Not Verified,700xx,LA,9565.0,200856.0
159558,kfec6P88P90bee1f0fUafde15W91mha0da88f7f8ecddabe,Current,15225.0,CA,15225.0, 36 months,0.1561,532.34003,C,04-2014,2014.0,False,INDIVIDUAL,debt_consolidation,Debt consolidation,desc,Physical Therapist/ASM,4 years,RENT,122000.0,,Verified,954xx,CA,10461.0,115081.0
159576,9fd99c9edecde48ddf01dfa8baf7949cd5bbf2898c0013caP9d9ec995,Current,15250.0,NY,15250.0, 60 months,0.2049,408.20999,E,04-2014,2014.0,False,INDIVIDUAL,debt_consolidation,Debt consolidation,desc,Security Guard,< 1 year,OWN,45000.0,,Source Verified,122xx,NY,4886.0,14658.0
159796,05c28ccd17fBn6f1i8fabeb91c9ae213b59f9812Ddc8egbe05c4,Current,15350.0,CA,15350.0, 36 months,0.1365,522.03003,C,04-2014,2014.0,False,INDIVIDUAL,debt_consolidation,Debt consolidation,desc,Senior Custodian,6 years,RENT,35000.0,,Source Verified,900xx,CA,3112.0,21786.0
160065,92ud6Cb30edddec6a4ve0b0bc0cbfbf74Ai1384f8c1ca1d,Current,15500.0,CO,15500.0, 60 months,0.1825,395.70999,D,04-2014,2014.0,False,INDIVIDUAL,debt_consolidation,Debt consolidation,desc,Mill works specialist ,< 1 year,RENT,52000.0,,Source Verified,806xx,CO,2112.0,27452.0
160302,A8ed9U8e10c4a0138fHdea7eeacW93cbd1a0bKta5e0f2a3bQ85,Current,15500.0,NC,15500.0, 60 months,0.1416,361.95001,C,04-2014,2014.0,False,INDIVIDUAL,debt_consolidation,Debt consolidation,desc,Manager,1 year,MORTGAGE,105000.0,,Not Verified,275xx,NC,16482.0,214267.0
160767,83c0a4c58f941ed8bc83baU0004dcZS1f15IZc71cf4088a9cc4Vac,Current,15600.0,CO,15600.0, 60 months,0.1561,376.14001,C,04-2014,2014.0,False,INDIVIDUAL,debt_consolidation,Debt consolidation,desc,Sr. Security Engineer,3 years,RENT,97600.0,,Source Verified,805xx,CO,380.0,3043.0
160863,fdd3b1Kcfe5c93e09c94be12c4af00a0ypBf9f1fdbfka3e0F,Current,15625.0,NJ,15625.0, 60 months,0.1757,393.13,D,04-2014,2014.0,False,INDIVIDUAL,credit_card,Credit card refinancing,desc,ISSO,10+ years,MORTGAGE,55498.0,,Source Verified,080xx,NJ,11959.0,155464.0
161187,1aE99VK8addl9Le41cIb0cf9bya3cfb85abe5a3d3cfb8ad8ca,Late (31-120 days),15825.0,VA,15825.0, 60 months,0.1757,398.16,D,04-2014,2014.0,False,INDIVIDUAL,home_improvement,Home improvement,desc,Media Specialist,10+ years,MORTGAGE,55000.0,,Source Verified,235xx,VA,25846.0,232612.0
161269,07cfef82e8c605fdUJ97fe8dVedkced2d0b0gfcdbuf01418,Current,15875.0,CA,15875.0, 36 months,0.1892,581.28003,D,04-2014,2014.0,False,INDIVIDUAL,other,Other,desc,Human Resource,2 years,RENT,55000.0,,Source Verified,928xx,CA,1591.0,6363.0
163107,e41b80Ofdf4vfbjBScac6D9c9db51f88b8dSd4a2f9af0bb099,Current,16000.0,KS,16000.0, 36 months,0.0762,498.59,A,04-2014,2014.0,False,INDIVIDUAL,credit_card,Credit card refinancing,desc,high school counselor,10+ years,RENT,70000.0,,Source Verified,662xx,KS,5801.0,34807.0
163599,cd92Me412iZ023a5bacbbceefbf78ebaae83f191p8879fceH,Current,16000.0,AR,16000.0, 36 months,0.089,508.06,A,04-2014,2014.0,False,INDIVIDUAL,debt_consolidation,Debt consolidation,desc,claims clerk,10+ years,OWN,42000.0,,Source Verified,729xx,AR,1575.0,20478.0
164557,w1bg9acff1nacef9bf97H8efecd0fb9i82b8nda0fb210b9c9,Current,16000.0,IN,16000.0, 36 months,0.1199,531.35999,B,04-2014,2014.0,False,INDIVIDUAL,debt_consolidation,Debt consolidation,desc,Assistant Clinical Professor,7 years,MORTGAGE,50000.0,,Source Verified,463xx,IN,13198.0,131977.0
167063,b9ke81f0ef25Wh9aaed3f2d9b482f3ob2d480cab9cd95fa,Current,16000.0,SC,16000.0, 60 months,0.1249,359.89001,B,04-2014,2014.0,False,INDIVIDUAL,debt_consolidation,Debt consolidation,desc,Owner / Self,10+ years,MORTGAGE,120000.0,,Source Verified,291xx,SC,30423.0,273804.0
167976,83ee82bdc885Kf8W9dd3MGb6589f410adNffd6ff9704H98,Current,16000.0,MD,16000.0, 60 months,0.1464,377.63,C,04-2014,2014.0,False,INDIVIDUAL,debt_consolidation,Debt consolidation,desc,National Sales director,1 year,MORTGAGE,160000.0,,Not Verified,210xx,MD,38475.0,500180.0
167979,dd9499c3efc98fN82mf18ae9fbS1491deefe2eacb516f6be17,Current,16000.0,AZ,16000.0, 60 months,0.1464,377.63,C,04-2014,2014.0,False,INDIVIDUAL,debt_consolidation,Debt consolidation,desc,Physical Therapist,10+ years,MORTGAGE,70000.0,,Not Verified,853xx,AZ,24542.0,319048.0
168237,Uda07cc1bvPed0e9P1b108c8ae52de89b9e5f601abUa606DA,Current,16000.0,GA,16000.0, 60 months,0.1531,383.25,C,04-2014,2014.0,False,INDIVIDUAL,home_improvement,Home improvement,desc,Account Executive,3 years,MORTGAGE,62000.0,,Source Verified,302xx,GA,6658.0,53265.0
168245,d0dbe492bd9ae0d98frve486d9cedd8c177fq82we3Md019N,Current,16000.0,CA,16000.0, 60 months,0.1531,383.25,C,04-2014,2014.0,False,INDIVIDUAL,debt_consolidation,Debt consolidation,desc,Sales Support Consultant,10+ years,RENT,62000.0,,Source Verified,941xx,CA,2702.0,16210.0
168250,4c0e7Ua5f88fe1O0cvece1a0fe296c0b69a87eec3FA0b,Current,16000.0,CT,16000.0, 60 months,0.1531,383.25,C,04-2014,2014.0,False,INDIVIDUAL,credit_card,Credit card refinancing,desc,Senior Tax Analyst,5 years,MORTGAGE,93000.0,,Source Verified,062xx,CT,2702.0,24322.0
169095,qb0Vd89ebe94efac96fdu5Kccde87beafc011688Bmd3m,Current,16000.0,CA,16000.0, 60 months,0.1947,419.20001,D,04-2014,2014.0,False,INDIVIDUAL,debt_consolidation,Debt consolidation,desc,Project Manager,7 years,RENT,60000.0,,Source Verified,917xx,CA,4394.0,39542.0
169969,fcic6d4bf16beb2DebW8bKt0c291Ae096f3cd9erb3f306eW,Current,16250.0,AL,16250.0, 60 months,0.1416,379.45999,C,04-2014,2014.0,False,INDIVIDUAL,credit_card,Credit card refinancing,desc,orderfiller,6 years,MORTGAGE,36321.0,,Not Verified,368xx,AL,10641.0,74489.0
170061,8cbW38flO0c9ac4Cb1da19df9db3a54fe0ebd1cca0bCz0ec5f3,Current,16300.0,FL,16300.0, 60 months,0.2049,436.31,E,04-2014,2014.0,False,INDIVIDUAL,debt_consolidation,Debt consolidation,desc,Accounts Recivable Specialist,10+ years,MORTGAGE,42000.0,,Source Verified,331xx,FL,23006.0,230055.0
170561,98ld30a2p99b9cad2d6fbcf9fM13La3faafa8ic59e18a61f6,Current,16500.0,IL,16500.0, 60 months,0.1464,389.42999,C,04-2014,2014.0,False,INDIVIDUAL,debt_consolidation,Debt consolidation,desc,Welder,10+ years,MORTGAGE,71000.0,,Not Verified,614xx,IL,7974.0,79744.0
170579,e01dah9c881y883afhbb1cwd3e8ca13sg0fe89buadbeo9c,Current,16500.0,CA,16500.0, 60 months,0.1561,397.84,C,04-2014,2014.0,False,INDIVIDUAL,debt_consolidation,Debt consolidation,desc,Senior Associate,5 years,RENT,90000.0,,Not Verified,908xx,CA,7683.0,145968.0
170602,bRf5d1abc82acb8h04jfaca14d65aec2aaba9dd9a1be1b4,Current,16500.0,CO,16500.0, 60 months,0.1825,421.23999,D,04-2014,2014.0,False,INDIVIDUAL,debt_consolidation,Debt consolidation,desc,warehouse associate,10+ years,RENT,49000.0,,Verified,802xx,CO,4792.0,38332.0
170837,f4wTd84d3c9850218b881Tde010ce79foaa07a4efadf2d3d19095,Current,16650.0,OH,16650.0, 60 months,0.2199,459.76999,E,04-2014,2014.0,False,INDIVIDUAL,debt_consolidation,Debt consolidation,desc,Direct Sales Representative,< 1 year,MORTGAGE,49000.0,,Source Verified,458xx,OH,10699.0,128391.0
170857,U0680c3ue54dfd8e7fdHa9fda211000fodbaaa317beJ14b85b0,Current,16675.0,CO,16675.0, 36 months,0.1892,610.57001,D,04-2014,2014.0,False,INDIVIDUAL,debt_consolidation,Debt consolidation,desc,,n/a,RENT,46440.0,,Verified,801xx,CO,2178.0,32673.0
171948,e01ec4dfa2c5a79a3c5pjca11J193VedXebf0w84e30f08l,In Grace Period,16950.0,WV,16950.0, 60 months,0.2343,482.03,F,04-2014,2014.0,False,INDIVIDUAL,small_business,Business,desc,owner,10+ years,MORTGAGE,50000.0,,Verified,261xx,WV,14584.0,116668.0
173663,a48583f8bf94m01lf0mZfe8u81Qb9e3ef06Gbd6ae,Current,17000.0,MN,17000.0, 60 months,0.1464,401.23001,C,04-2014,2014.0,False,INDIVIDUAL,debt_consolidation,Debt consolidation,desc,IT Analyst,3 years,MORTGAGE,49000.0,,Source Verified,551xx,MN,11201.0,156810.0
173715,a60fbdc901A05depa5Se4y13ea92fad5Vdcdf190f18ed7c68d,Current,17000.0,NC,17000.0, 60 months,0.1531,407.20999,C,04-2014,2014.0,False,INDIVIDUAL,debt_consolidation,Debt consolidation,desc,Inventory Manager,8 years,OWN,68000.0,,Not Verified,284xx,NC,5356.0,101762.0
174065,15yc3da16e4aaIfT1699171dbc17hb9dec5Bb7eeZf,Current,17100.0,NC,17100.0, 60 months,0.1947,448.01999,D,04-2014,2014.0,False,INDIVIDUAL,debt_consolidation,Debt consolidation,desc,Office Manager,10+ years,OWN,43000.0,,Source Verified,270xx,NC,3469.0,45101.0
174383,91Y87a29d039dd2178bbbba41e993ye2b1b51f1ald4b2d6,Current,17350.0,WA,17350.0, 60 months,0.2589,518.34003,G,04-2014,2014.0,False,INDIVIDUAL,debt_consolidation,Debt consolidation,desc,Postdoctoral Research Associate,1 year,RENT,58000.0,,Source Verified,993xx,WA,3065.0,21454.0
175110,lI6f3Hs85a1C8bcO84c892a313fa0cac3aefad5Pce970ea8,Current,17575.0,FL,17575.0, 60 months,0.1947,460.47,D,04-2014,2014.0,False,INDIVIDUAL,credit_card,Credit card refinancing,desc,Teacher,10+ years,OWN,55000.0,,Not Verified,328xx,FL,8812.0,79312.0
175114,f3f6uddbco8d89b8d99df0213ffnfea2c78a205fdha8A149dAtbb,Late (31-120 days),17575.0,CA,17575.0, 60 months,0.1659,432.92001,D,04-2014,2014.0,False,INDIVIDUAL,credit_card,Credit card refinancing,desc,,n/a,RENT,40000.0,,Verified,917xx,CA,1944.0,17493.0
175138,A7f4Ce7061599JebGb0ebd88d14de99bb7zf8JbdR7fb,Current,17600.0,LA,17600.0, 36 months,0.0603,535.66998,A,04-2014,2014.0,False,INDIVIDUAL,credit_card,Credit card refinancing,desc,,n/a,MORTGAGE,75000.0,,Verified,711xx,LA,16357.0,212645.0
175591,afeh19c9e6da1bb09d1fb6a39591d8fQc5b1Jd7Y8eL8f19v,Late (16-30 days),17775.0,MA,17775.0, 36 months,0.1464,613.04999,C,04-2014,2014.0,False,INDIVIDUAL,credit_card,Credit card refinancing,desc,Finance,6 years,RENT,62500.0,,Source Verified,021xx,MA,5080.0,40640.0
176385,Zcb9add903d6c0e581habaec81aa1Kd1c1a6b987e0a8f0dc0b,Current,18000.0,CA,18000.0, 36 months,0.0603,547.84003,A,04-2014,2014.0,False,INDIVIDUAL,credit_card,Credit card refinancing,desc,Transportation Broker,8 years,MORTGAGE,120000.0,,Source Verified,957xx,CA,26140.0,261400.0
177859,8c0f49f4a4b4b0e4a0m29f8000lNa49efd9c85e9a118cdea,Current,18000.0,MI,18000.0, 36 months,0.1099,589.21997,B,04-2014,2014.0,False,INDIVIDUAL,credit_card,Credit card refinancing,desc,Owner,9 years,MORTGAGE,100000.0,,Source Verified,480xx,MI,48008.0,432075.0
178186,bba3829drb0eda2Ybae88db71da296n8dffN9383fdb5e87f13,Late (31-120 days),18000.0,NJ,18000.0, 36 months,0.1199,597.78003,B,04-2014,2014.0,False,INDIVIDUAL,debt_consolidation,Debt consolidation,desc,Managing Member,10+ years,MORTGAGE,123000.0,,Source Verified,077xx,NJ,4532.0,36256.0
180334,84lc0z95bba3yf0ad18bcf6ME5ra6ua504L8ce5ddc2c8ef,Current,18000.0,PA,18000.0, 60 months,0.1416,420.32999,C,04-2014,2014.0,False,INDIVIDUAL,debt_consolidation,Debt consolidation,desc,Manager,10+ years,MORTGAGE,52000.0,,Not Verified,150xx,PA,14463.0,188018.0
180437,W83f8I49495Z9bt104f8j7b8f0d6840d3ke10bde39aaf9a04,Current,18000.0,MA,18000.0, 60 months,0.1464,424.82999,C,04-2014,2014.0,False,INDIVIDUAL,debt_consolidation,Debt consolidation,desc,Social worker,9 years,RENT,62000.0,,Source Verified,027xx,MA,2409.0,19268.0
180441,9bec6f57ffdabbo989e1c00jv11bJ8789d5127sdeba,Current,18000.0,IL,18000.0, 60 months,0.1464,424.82999,C,04-2014,2014.0,False,INDIVIDUAL,debt_consolidation,Debt consolidation,desc,Self employed attorney and faculty,10+ years,MORTGAGE,125862.0,,Source Verified,605xx,IL,26129.0,339675.0
180442,8ff6eb1af10eb89d3Mbdessa4a7PDe8d5e2b3ove4cc401,Current,18000.0,TX,18000.0, 60 months,0.1464,424.82999,C,04-2014,2014.0,False,INDIVIDUAL,credit_card,Credit card refinancing,desc,HI Director,9 years,OWN,65000.0,,Verified,785xx,TX,1466.0,26386.0
180585,8d859e3a0ce4c6f81dtf6b8f3cee7e9eeccdd4a67a0a96r8e,Current,18000.0,OH,18000.0, 60 months,0.1531,431.16,C,04-2014,2014.0,False,INDIVIDUAL,debt_consolidation,Debt consolidation,desc,HR/LR Specialist,10+ years,MORTGAGE,82500.0,,Source Verified,451xx,OH,1515.0,10603.0
180592,Id6M84ffa3edba4b68eJ9et2cAke79593f6vd79cc5J,Late (31-120 days),18000.0,OR,18000.0, 60 months,0.1531,431.16,C,04-2014,2014.0,False,INDIVIDUAL,debt_consolidation,Debt consolidation,desc,Chief Nursing Officer,2 years,RENT,142000.0,,Not Verified,977xx,OR,9570.0,153124.0
180659,00bdd8vccaalitff94aff8efd984f6ec9e891Wsa12z930b6,Current,18000.0,PA,18000.0, 60 months,0.1561,434.01001,C,04-2014,2014.0,False,INDIVIDUAL,credit_card,Credit card refinancing,desc,Business Development & Compliance Specia,10+ years,RENT,44000.0,,Source Verified,151xx,PA,5012.0,35081.0
180850,dbhIrjEf5ge7Rd1dedUF8bfdf7f5e5ef8ba0f6h,Late (31-120 days),18000.0,TX,18000.0, 60 months,0.1659,443.39001,D,04-2014,2014.0,False,INDIVIDUAL,debt_consolidation,Debt consolidation,desc,Assistant Fitness Director,6 years,MORTGAGE,63410.0,,Source Verified,788xx,TX,18858.0,150867.0
181383,bed15bc5a5ebaed7a4bab1Nic7d96dkG1d1aL8abd60bee,Current,18000.0,CT,18000.0, 60 months,0.2118,488.79001,E,04-2014,2014.0,False,INDIVIDUAL,home_improvement,Home improvement,desc,Sales and Service,7 years,OWN,40000.0,,Source Verified,065xx,CT,1933.0,30932.0
181498,ba0H1c13c2f1ta29314ea0f904daMe1fbnYl92fab21,Current,18000.0,NY,18000.0, 60 months,0.2343,511.89001,F,04-2014,2014.0,False,INDIVIDUAL,debt_consolidation,Debt consolidation,desc,,n/a,MORTGAGE,57000.0,,Verified,124xx,NY,16083.0,209082.0
181938,Od0qc8bf9bnd318D9ke9K0bc7902g82qaface912cfLf78a03,Current,18200.0,IL,18200.0, 60 months,0.1416,425.0,C,04-2014,2014.0,False,INDIVIDUAL,debt_consolidation,Debt consolidation,desc,Computer Analysis,10+ years,MORTGAGE,83000.0,,Source Verified,600xx,IL,11713.0,175698.0
182284,Rwba19g8f295d4829ffee01ad38979dVff179a2b1cc8b95i89,Current,18400.0,VA,18400.0, 36 months,0.1561,643.35999,C,04-2014,2014.0,False,INDIVIDUAL,credit_card,Credit card refinancing,desc,Glass Artist,10+ years,MORTGAGE,63000.0,,Verified,234xx,VA,2371.0,26077.0
182386,bd92ba0fjf1HCc2d315f1lPKdafe8aaftqd5c,Current,18450.0,CA,18450.0, 36 months,0.2499,733.47998,F,04-2014,2014.0,False,INDIVIDUAL,small_business,Business,desc,Operations Manager,2 years,RENT,77000.0,,Verified,921xx,CA,7247.0,72469.0
182934,dfpd98dI86f6ff8c105e0f49eeb7e0KV0bha2eeca89d1e71b,Current,18700.0,IN,18700.0, 60 months,0.1947,489.94,D,04-2014,2014.0,False,INDIVIDUAL,debt_consolidation,Debt consolidation,desc,Business Manager,2 years,RENT,52000.0,,Source Verified,477xx,IN,4484.0,58287.0
183114,9da1ae7a8cf005a6Df9aauRf6d2p8694d29cm15b1d4c47Xs8a,Current,18825.0,MO,18825.0, 60 months,0.1561,453.89999,C,04-2014,2014.0,False,INDIVIDUAL,debt_consolidation,Debt consolidation,desc,Internal Communications,2 years,RENT,43000.0,,Source Verified,631xx,MO,10409.0,93685.0
183129,Xk9a9dab86bd1eWkeflba1088bf2c1QX14e2e0f8ldaaf,Current,18825.0,MN,18825.0, 60 months,0.2245,524.76001,E,04-2014,2014.0,False,INDIVIDUAL,debt_consolidation,Debt consolidation,desc,plumber,9 years,MORTGAGE,90000.0,,Verified,550xx,MN,11075.0,243640.0
185060,a2bea18bqse4KacDccf7Ye8cza1Te6eebee1eAe4sW,Current,19200.0,CA,19200.0, 60 months,0.1099,417.35999,B,04-2014,2014.0,False,INDIVIDUAL,debt_consolidation,Debt consolidation,desc,operations mgr,8 years,RENT,120000.0,,Verified,933xx,CA,6262.0,43837.0
186048,e51e95eef0ec180caa9en0200gre3c96b25wc6f593fdfb2,Current,19575.0,AZ,19575.0, 60 months,0.1947,512.87,D,04-2014,2014.0,False,INDIVIDUAL,debt_consolidation,Debt consolidation,desc,Assignment editor,10+ years,RENT,49000.0,,Source Verified,850xx,AZ,2939.0,55845.0
186068,c3d5baQcfef219bce94rm17b4m02a6bV,Current,19575.0,NY,19575.0, 60 months,0.1825,499.75,D,04-2014,2014.0,False,INDIVIDUAL,home_improvement,Home improvement,desc,Warehouse manager,10+ years,MORTGAGE,70000.0,,Verified,142xx,NY,5136.0,35958.0
186282,c14d514baabTe5izb4Lw08BY950efd38aRe70fc0ab129dTc0,Current,19675.0,GA,19675.0, 60 months,0.1561,474.39999,C,04-2014,2014.0,False,INDIVIDUAL,credit_card,Credit card refinancing,desc,Deputy Warden,10+ years,OWN,43868.0,,Source Verified,316xx,GA,7988.0,47930.0
186285,Z3e418Dc5C96f2f116cc84eb10Mf507Yub1l9c1cA8dd6A,Current,19675.0,FL,19675.0, 60 months,0.1999,521.15997,E,04-2014,2014.0,False,INDIVIDUAL,debt_consolidation,Debt consolidation,desc,CSA,6 years,RENT,46905.602,,Source Verified,330xx,FL,2044.0,20444.0
186358,fa9bde45d38b9ac4f403rHb1Pdd1c8000z8avba0cd106,Current,19750.0,MA,19750.0, 60 months,0.2049,528.65997,E,04-2014,2014.0,False,INDIVIDUAL,home_improvement,Home improvement,desc,Nurse Assistant,< 1 year,MORTGAGE,52250.0,,Verified,018xx,MA,15481.0,201253.0
186528,Me917b1be8e9070fa7e3020203d7d0fdc503d6e79dbb9ecece060b,Current,19800.0,CT,19800.0, 60 months,0.1561,477.41,C,04-2014,2014.0,False,INDIVIDUAL,debt_consolidation,Debt consolidation,desc,Special Education Teacher,7 years,RENT,59000.0,,Source Verified,063xx,CT,3192.0,35108.0
186595,b9be96e09791e3f5d9tc98eb9abb8d389d3Fa00cfe937fO,Late (31-120 days),19825.0,CA,19825.0, 60 months,0.1757,498.79999,D,04-2014,2014.0,False,INDIVIDUAL,debt_consolidation,Debt consolidation,desc,Office Technician,2 years,RENT,75100.0,,Source Verified,956xx,CA,3301.0,36314.0
186717,Y98f7e8ac8cbeea2h8bf5t2S0487b187o8cce2b3rjTdc9a,Current,19950.0,VA,19950.0, 60 months,0.2606,598.03003,G,04-2014,2014.0,False,INDIVIDUAL,other,Other,desc,Controller,< 1 year,MORTGAGE,110000.0,,Verified,220xx,VA,137233.0,274465.0
187024,9bf1Mdbnc0bc900f39aq9fc0W8c92aed91eI94b1c0c4,Current,20000.0,NY,20000.0, 36 months,0.079,625.81,A,04-2014,2014.0,False,INDIVIDUAL,credit_card,Credit card refinancing,desc,Advertising Director,10+ years,MORTGAGE,125000.0,,Not Verified,125xx,NY,28252.0,452032.0
187349,04da8d83b1cabb93nb7u0204eedce407c5aed018efb0aa85,Current,20000.0,CO,20000.0, 60 months,0.1825,510.60001,D,04-2014,2014.0,False,INDIVIDUAL,debt_consolidation,Debt consolidation,desc,Clinical Site Director,10+ years,MORTGAGE,85000.0,,Source Verified,801xx,CO,17010.0,238134.0
189891,bb16Sc8te3B84fff81d8bd36ED12878c88cIVkbd,Current,20000.0,GA,20000.0, 36 months,0.079,625.81,A,04-2014,2014.0,False,INDIVIDUAL,credit_card,Credit card refinancing,desc,evaporation operator,10+ years,MORTGAGE,75000.0,,Not Verified,316xx,GA,16789.0,184674.0
193332,Kb6Uae80v1fd78a0ca6cd92b01ef2S05Bie7feocb08p,Current,20000.0,NC,20000.0, 36 months,0.1249,668.97998,B,04-2014,2014.0,False,INDIVIDUAL,credit_card,Credit card refinancing,desc,Office Manager,4 years,OWN,150000.0,,Source Verified,283xx,NC,1743.0,10457.0
193340,eAgc200c7D1ea0d7l821303abe21d8eeduK10d0e111c8d31307t,Current,20000.0,NM,20000.0, 36 months,0.1249,668.97998,B,04-2014,2014.0,False,INDIVIDUAL,home_improvement,Home improvement,desc,Administrative Specialist,4 years,MORTGAGE,60000.0,,Source Verified,882xx,NM,5242.0,26208.0
198158,aa00f8030eead10bee2a3lg80f811050f1dc29c2edaeU8bua39882,Current,20000.0,OR,20000.0, 60 months,0.1299,454.95999,B,04-2014,2014.0,False,INDIVIDUAL,credit_card,Credit card refinancing,desc,Software Engineer,3 years,RENT,93000.0,,Source Verified,971xx,OR,4916.0,29496.0
198651,8b83falcced4dbS1eadS1b900a7a21a7o8119cae812,Current,20000.0,NY,20000.0, 60 months,0.1365,461.75,C,04-2014,2014.0,False,INDIVIDUAL,credit_card,Credit card refinancing,desc,mammographhy technologist,10+ years,MORTGAGE,86000.0,,Not Verified,117xx,NY,16034.0,240513.0
199037,14e2c9cdZ98c71f0fzc7BTaab7af4c8lb5efGc8B1b9eO,Current,20000.0,MN,20000.0, 60 months,0.1416,467.03,C,04-2014,2014.0,False,INDIVIDUAL,debt_consolidation,Debt consolidation,desc,Iron worker,5 years,MORTGAGE,105000.0,,Not Verified,558xx,MN,21991.0,241901.0
199039,b5f118J15zj91Qp94d318c004Yoe1bbd91dfd97L0fac8d,Current,20000.0,MA,20000.0, 60 months,0.1416,467.03,C,04-2014,2014.0,False,INDIVIDUAL,debt_consolidation,Debt consolidation,desc,social worker,6 years,RENT,90000.0,,Not Verified,021xx,MA,2801.0,50426.0
199292,9699kf9c58c6vk05fbdcce8f3b1becdC8ed1bbtfcbedba01aoa6,Current,20000.0,NY,20000.0, 60 months,0.1464,472.03,C,04-2014,2014.0,False,INDIVIDUAL,debt_consolidation,Debt consolidation,desc,Classification Analyst,6 years,RENT,60571.0,,Verified,113xx,NY,2521.0,45381.0
199293,zgd91216t17bcrebbb9bcebd1acfe5z1fT86feu98,Current,20000.0,OK,20000.0, 60 months,0.1464,472.03,C,04-2014,2014.0,False,INDIVIDUAL,credit_card,Credit card refinancing,desc,Lead Application Developer,4 years,MORTGAGE,110000.0,,Source Verified,747xx,OK,22939.0,229393.0
199840,jGa881b9f7ffe304c20fa7Ybc9880c1ve4Adece10ceFD1a,Current,20000.0,MN,20000.0, 60 months,0.1561,482.23001,C,04-2014,2014.0,False,INDIVIDUAL,home_improvement,Home improvement,desc,public works,9 years,MORTGAGE,81000.0,,Not Verified,553xx,MN,34122.0,238855.0
199846,Ne0c3nWd0fe06f600w8dacf9ace8SWqbe8ae96b6caRf2,Current,20000.0,NY,20000.0, 60 months,0.1561,482.23001,C,04-2014,2014.0,False,INDIVIDUAL,home_improvement,Home improvement,desc,Manager,10+ years,MORTGAGE,113000.0,,Not Verified,142xx,NY,22601.0,271214.0
199850,710tdc94k03q96gd9bdoab95a0j88ybEabbc7fNaaL9b,Current,20000.0,TX,20000.0, 60 months,0.1561,482.23001,C,04-2014,2014.0,False,INDIVIDUAL,credit_card,Credit card refinancing,desc,Sr Manager,10+ years,RENT,100000.0,,Verified,785xx,TX,4279.0,59906.0
200709,85c0cfD85cabef5f90b9eboG90Kb78dad094bb,Current,20000.0,AL,20000.0, 60 months,0.1757,503.20999,D,04-2014,2014.0,False,INDIVIDUAL,debt_consolidation,Debt consolidation,desc,RN,5 years,MORTGAGE,50000.0,,Verified,350xx,AL,8214.0,172493.0
201475,9e1be518f986d48405199jwWe8Pwf0r16d514sf6b30ca91,Late (31-120 days),20000.0,CA,20000.0, 60 months,0.2049,535.34998,E,04-2014,2014.0,False,INDIVIDUAL,credit_card,Credit card refinancing,desc,RN,7 years,MORTGAGE,88000.0,,Verified,956xx,CA,1207.0,15689.0
201476,9b0cac08f489j8ff294819Na0dea4cdefa8bfe8h9cd80ee4T1eS,Late (31-120 days),20000.0,NY,20000.0, 60 months,0.2049,535.34998,E,04-2014,2014.0,False,INDIVIDUAL,debt_consolidation,Debt consolidation,desc,teacher,10+ years,MORTGAGE,90000.0,,Source Verified,115xx,NY,29210.0,292096.0
202493,Mc5f7o071bZ15f1d7M83rd19b7f98b80ca1dd98e3d197d1,Current,20125.0,GA,20125.0, 60 months,0.1365,464.63,C,04-2014,2014.0,False,INDIVIDUAL,credit_card,Credit card refinancing,desc,Teacher,10+ years,MORTGAGE,56000.0,,Verified,306xx,GA,11805.0,153476.0
202877,c3fft8ce7yf5a6b4Qd2df93c6b4dddbd40f9caeMd889d98090Y,Current,20400.0,CA,20400.0, 36 months,0.1249,682.35999,B,04-2014,2014.0,False,INDIVIDUAL,debt_consolidation,Debt consolidation,desc,Registered Nurse,10+ years,RENT,65000.0,,Source Verified,931xx,CA,3593.0,21557.0
203107,958af5bcb4e0818e8f99ef112S4iqe51bqcadcd3aX9b03c,Current,20475.0,CA,20475.0, 60 months,0.1825,522.71997,D,04-2014,2014.0,False,INDIVIDUAL,debt_consolidation,Debt consolidation,desc,Warrenty repair,< 1 year,RENT,55000.0,,Verified,926xx,CA,4224.0,38020.0
203135,ea899bceb912teec99da0Adc0bE9ee7fb04a2b48fcff8d,Current,20500.0,TX,20500.0, 60 months,0.2118,556.67999,E,04-2014,2014.0,False,INDIVIDUAL,debt_consolidation,Debt consolidation,desc,Secretary,10+ years,OWN,53185.0,,Verified,779xx,TX,1894.0,17049.0
203573,c9f9f18e6ede5uf3eaa3de8219V96f9cbc88cbbf87b412f1,Current,20800.0,KY,20800.0, 60 months,0.2118,564.82001,E,04-2014,2014.0,False,INDIVIDUAL,credit_card,Credit card refinancing,desc,MRI Technologist,10+ years,MORTGAGE,72000.0,,Source Verified,402xx,KY,2982.0,38764.0
203872,W1cfdP08vq06bf96b068107e0e9b99088g8ba799H0ce78b868a84,Current,20950.0,CT,20950.0, 60 months,0.1947,548.89001,D,04-2014,2014.0,False,INDIVIDUAL,debt_consolidation,Debt consolidation,desc,U-verse PremTech,3 years,MORTGAGE,50000.0,,Source Verified,061xx,CT,3256.0,32563.0
204096,8e9cPTbf23c016d3c3uf8cfdbc29210287c9e0c7if9,Current,21000.0,FL,21000.0, 60 months,0.1199,467.03,B,04-2014,2014.0,False,INDIVIDUAL,debt_consolidation,Debt consolidation,desc,Analyst,6 years,MORTGAGE,79500.0,,Verified,337xx,FL,11421.0,159899.0
204105,98e6G0810f5fdcff8fedb8cc0514148ac8Z8atXf8T88bfa9k,Current,21000.0,OH,21000.0, 60 months,0.1659,517.28998,D,04-2014,2014.0,False,INDIVIDUAL,credit_card,Credit card refinancing,desc,Nurse,2 years,MORTGAGE,50000.0,,Verified,441xx,OH,8078.0,218107.0
204199,b4f7Npaeo89ddT9d1219831dBq6e7fc92dedcda8c,Current,21000.0,OR,21000.0, 36 months,0.0603,639.15002,A,04-2014,2014.0,False,INDIVIDUAL,credit_card,Credit card refinancing,desc,NURSE,10+ years,MORTGAGE,85000.0,,Not Verified,970xx,OR,26412.0,211298.0
204678,e4ncar1abdCWl9bD908a96d1cc1dda9deaE9p88kee17ac17,Current,21000.0,IL,21000.0, 36 months,0.089,666.82001,A,04-2014,2014.0,False,INDIVIDUAL,credit_card,Credit card refinancing,desc,Owner/President,10+ years,MORTGAGE,200000.0,,Source Verified,601xx,IL,41714.0,750849.0
205277,v94TIb4cbH81Hf0c6dda6d3c4ffa1u18cb84zdf9wc2,Late (31-120 days),21000.0,OR,21000.0, 36 months,0.1416,719.37,C,04-2014,2014.0,False,INDIVIDUAL,home_improvement,Home improvement,desc,LEAD PHARMACY TECH,10+ years,MORTGAGE,70000.0,,Source Verified,972xx,OR,3829.0,30629.0
206052,c1a1nc6d5baqaba80ae8sdekCd0f31akbbc59bc,Current,21000.0,VA,21000.0, 60 months,0.1365,484.84,C,04-2014,2014.0,False,INDIVIDUAL,credit_card,Credit card refinancing,desc,Major Gift Officer,< 1 year,MORTGAGE,80000.0,,Source Verified,223xx,VA,10293.0,174976.0
206159,82f1QEcdPd9296Gc3c815VdeUnedf0ed686e5c7,Late (31-120 days),21000.0,MT,21000.0, 60 months,0.1416,490.38,C,04-2014,2014.0,False,INDIVIDUAL,credit_card,Credit card refinancing,desc,attorney/partner,5 years,MORTGAGE,90000.0,,Source Verified,599xx,MT,11341.0,170120.0
206160,b0cf8becdSiQ0718mf9Y12a29fbe1392a1e9d3cbG17Bbd1a,Late (31-120 days),21000.0,SC,21000.0, 60 months,0.1416,490.38,C,04-2014,2014.0,False,INDIVIDUAL,debt_consolidation,Debt consolidation,desc,production manager,10+ years,MORTGAGE,116000.0,,Not Verified,294xx,SC,34132.0,273057.0
206307,0c94affaea14c5ca8a8fJLac04t8eT90wdbAb5p86aacdd7,Current,21000.0,SC,21000.0, 60 months,0.1531,503.01999,C,04-2014,2014.0,False,INDIVIDUAL,debt_consolidation,Debt consolidation,desc,Supervisor,8 years,MORTGAGE,80000.0,,Source Verified,294xx,SC,28863.0,288631.0
206656,15b304a5P131b85afjE8bw7Tb8c8b69ca31bc79ab2a17feca80,Current,21000.0,FL,21000.0, 60 months,0.1947,550.20001,D,04-2014,2014.0,False,INDIVIDUAL,major_purchase,Major purchase,desc,MGR,10+ years,MORTGAGE,80000.0,,Not Verified,323xx,FL,21420.0,192782.0
207258,nu0683bae0dcd6iye1c7usnY92e210f0c4J9bf9tQ180,Current,21200.0,VA,21200.0, 60 months,0.2408,610.87,F,04-2014,2014.0,False,INDIVIDUAL,debt_consolidation,Debt consolidation,desc,Administration,10+ years,MORTGAGE,59000.0,,Verified,232xx,VA,10060.0,130779.0
208123,f417b4af9f8d3F92bf83d9f9S1a886hef8bvb81d3080511f9d6,Current,21600.0,TN,21600.0, 60 months,0.1561,520.81,C,04-2014,2014.0,False,INDIVIDUAL,debt_consolidation,Debt consolidation,desc,Police Officer,6 years,MORTGAGE,51500.0,,Not Verified,380xx,TN,19949.0,199486.0
208490,fa10b9cGc3Ke4ne8zc3Sa4be127m0cGb7U878f11fa93,Current,21600.0,WA,21600.0, 60 months,0.1659,532.07001,D,04-2014,2014.0,False,INDIVIDUAL,debt_consolidation,Debt consolidation,desc,Community Corrections Officer,10+ years,MORTGAGE,62932.0,,Not Verified,982xx,WA,41256.0,247538.0
208876,v98b8a4b8eb7fd13c1e31be2c415c6fb0bQa8b5c881b9d0c2bae4,Current,21950.0,WA,21950.0, 60 months,0.1757,552.27002,D,04-2014,2014.0,False,INDIVIDUAL,other,Other,desc,Social Worker,10+ years,MORTGAGE,55000.0,,Not Verified,992xx,WA,25592.0,179147.0
210172,938cf81516b90cd1baA83Odedd011a1Be4b080c5b49R,Current,22000.0,MO,22000.0, 60 months,0.1416,513.72998,C,04-2014,2014.0,False,INDIVIDUAL,debt_consolidation,Debt consolidation,desc,,n/a,MORTGAGE,51404.0,,Verified,656xx,MO,25493.0,203943.0
210253,bcbJb4d1d6id2ba84Ie0f50e1b019f16b9148081cb9c,Current,22000.0,MO,22000.0, 60 months,0.1561,530.45001,C,04-2014,2014.0,False,INDIVIDUAL,debt_consolidation,Debt consolidation,desc,Operations Manager,4 years,MORTGAGE,50000.0,,Not Verified,631xx,MO,15014.0,165153.0
210374,bbcfdb9rd102O3c39b75Hf4X12Rfk18eb4bb286f1,Current,22000.0,VA,22000.0, 60 months,0.1757,553.53003,D,04-2014,2014.0,False,INDIVIDUAL,credit_card,Credit card refinancing,desc,"Senior Project Manager, Mgr",6 years,RENT,138000.0,,Verified,232xx,VA,2720.0,38083.0
211687,Zdef985X87b3Sc1faa99ee8c0c71fd53f49amL9aaf06899ea6,Current,22675.0,NY,22675.0, 60 months,0.1892,587.21002,D,04-2014,2014.0,False,INDIVIDUAL,debt_consolidation,Debt consolidation,desc,Sub Station Electrician,3 years,RENT,92000.0,,Source Verified,104xx,NY,29324.0,469179.0
211799,c3e8bee5f282a2e0b4b198493a010y14ea82f6adf580f31317fbb6c,Current,22800.0,MN,22800.0, 60 months,0.2245,635.56,E,04-2014,2014.0,False,INDIVIDUAL,debt_consolidation,Debt consolidation,desc,Machinist,10+ years,MORTGAGE,63650.0,,Source Verified,553xx,MN,6974.0,48819.0
213272,b8ach96b4bbcrc70ff3dchn0a1WbfQc5e5c9dcXcc0a7a814d0,Current,23325.0,TX,23325.0, 60 months,0.1561,562.40002,C,04-2014,2014.0,False,INDIVIDUAL,debt_consolidation,Debt consolidation,desc,Business Analyst,5 years,MORTGAGE,55000.0,,Source Verified,787xx,TX,18245.0,164209.0
213385,d780Ljc4qc0be90cf0c91b00413e3s90ea88Wdc1a6ff1b108f91,Current,23400.0,MI,23400.0, 60 months,0.1825,597.40002,D,04-2014,2014.0,False,INDIVIDUAL,credit_card,Credit card refinancing,desc,Quality Control,10+ years,MORTGAGE,51000.0,,Verified,494xx,MI,4472.0,84961.0
213610,We884eb82e29184889892a0pa5ka8ue29fRfaccjfd19jb9d9,Late (31-120 days),23550.0,NC,23550.0, 60 months,0.2118,639.5,E,04-2014,2014.0,False,INDIVIDUAL,credit_card,Credit card refinancing,desc,DETENTION OFFICER,4 years,MORTGAGE,65582.0,,Source Verified,283xx,NC,2744.0,27444.0
213908,9fse5ULcdf9e31bbfi8416c66bcc402fd97O12hKc6d6f3Td2,Current,23850.0,CA,23850.0, 60 months,0.1825,608.89001,D,04-2014,2014.0,False,INDIVIDUAL,credit_card,Credit card refinancing,desc,Plastics Process Technician,1 year,RENT,55000.0,,Verified,928xx,CA,1736.0,8683.0
216527,9b28f0bf1a7c3Ff70e96e3db0f88ab862e982f7e8M18919105Y,Current,24000.0,CA,24000.0, 36 months,0.1249,802.78003,B,04-2014,2014.0,False,INDIVIDUAL,debt_consolidation,Debt consolidation,desc,Legal Assistant,6 years,MORTGAGE,72000.0,,Not Verified,948xx,CA,23636.0,189087.0
218726,fe9a8db0b707T19b1deo86l6c6a9ccc812Ucbe0b7a88ac7,Current,24000.0,OK,24000.0, 60 months,0.1365,554.09998,C,04-2014,2014.0,False,INDIVIDUAL,debt_consolidation,Debt consolidation,desc,National Account Executive,3 years,OWN,70000.0,,Source Verified,740xx,OK,15059.0,180706.0
219123,g0Yd5e4c9b7r4r9b88We8ccFffERecPdb06e5d9QU8b,Current,24000.0,DE,24000.0, 60 months,0.1464,566.44,C,04-2014,2014.0,False,INDIVIDUAL,debt_consolidation,Debt consolidation,desc,wastewater treatment tech.,10+ years,MORTGAGE,105000.0,,Verified,197xx,DE,57317.0,458534.0
220050,cbd5Oe0acf1593b0519f0f4wcbfde3D079e831dk9c9dSy,Current,24000.0,OK,24000.0, 60 months,0.1825,612.71997,D,04-2014,2014.0,False,INDIVIDUAL,debt_consolidation,Debt consolidation,desc,Account Manager,< 1 year,MORTGAGE,93000.0,,Not Verified,741xx,OK,20693.0,186237.0
220595,bbbchf1d7ZDcdcdU0fdwa1Db959cEb8ma49ba8Re008aar,Current,24000.0,IL,24000.0, 60 months,0.2583,716.15997,G,04-2014,2014.0,False,INDIVIDUAL,debt_consolidation,Debt consolidation,desc, HR Spec,10+ years,RENT,68589.0,,Verified,619xx,IL,3651.0,21907.0
220705,naeme60babdKtd9d1d1E16c501afc7Hf5d6zf095f3c001ca3BI,Current,24025.0,SD,24025.0, 60 months,0.1531,575.46997,C,04-2014,2014.0,False,INDIVIDUAL,debt_consolidation,Debt consolidation,desc,Activities Administrator,2 years,MORTGAGE,79857.0,,Verified,570xx,SD,39040.0,468482.0
220965,8882820ebU0f215c8df85c7c4e2a6f7I0297Br9a8dLDU493,In Grace Period,24350.0,IL,24350.0, 60 months,0.1947,637.96997,D,04-2014,2014.0,False,INDIVIDUAL,credit_card,Credit card refinancing,desc,Sales specialist / Supervisor ,3 years,RENT,57500.0,,Source Verified,606xx,IL,3984.0,63741.0
221444,0cmae4c5fbl80V03Dc2e88fuWY04ffcblQff2y,Current,24725.0,OK,24725.0, 60 months,0.1531,592.23999,C,04-2014,2014.0,False,INDIVIDUAL,debt_consolidation,Debt consolidation,desc,Director,7 years,MORTGAGE,75566.398,,Source Verified,730xx,OK,18714.0,224562.0
221452,a899Ab30fb884de04ccf0fnb6Accfdg82f9Yc2e41e8ac41d,Current,24750.0,NY,24750.0, 36 months,0.1249,827.85999,B,04-2014,2014.0,False,INDIVIDUAL,debt_consolidation,Debt consolidation,desc,Sales rep,2 years,RENT,80000.0,,Source Verified,110xx,NY,4085.0,49024.0
221984,e6c0f6g87f2f6e51ch923e0ac11998b101fef0c6nW11Rncce0D96,Current,25000.0,SC,25000.0, 60 months,0.1561,602.78998,C,04-2014,2014.0,False,INDIVIDUAL,debt_consolidation,Debt consolidation,desc,Supervisor,9 years,MORTGAGE,60000.0,,Source Verified,292xx,SC,14691.0,132220.0
222005,28bf1a9c0c3WWcf16aca701d0Rf2f111JUt97ddf5930ffac3bbh,Current,25000.0,AZ,25000.0, 60 months,0.2199,690.34003,E,04-2014,2014.0,False,INDIVIDUAL,credit_card,Credit card refinancing,desc,Security,4 years,MORTGAGE,65000.0,,Source Verified,851xx,AZ,4439.0,57709.0
227794,N13fcddbdebd98fa108b12951bf606D1cc1fda9ddc9b890aeP,Current,25000.0,GA,25000.0, 60 months,0.1365,577.17999,C,04-2014,2014.0,False,INDIVIDUAL,debt_consolidation,Debt consolidation,desc,RN Education Coordinator,< 1 year,MORTGAGE,82700.0,,Not Verified,302xx,GA,12403.0,161245.0
227795,s17a705Vcdcb850e7d0b083eqe1Cz98hnaadd094c1j,Current,25000.0,CO,25000.0, 60 months,0.1365,577.17999,C,04-2014,2014.0,False,INDIVIDUAL,credit_card,Credit card refinancing,desc,Territory Manager,9 years,MORTGAGE,75000.0,,Not Verified,802xx,CO,27621.0,276208.0
228025,Cae8d0I6ffbe95b20601da8c01c001U08debd0b0bZ11,Current,25000.0,IN,25000.0, 60 months,0.1416,583.78998,C,04-2014,2014.0,False,INDIVIDUAL,debt_consolidation,Debt consolidation,desc,Network Engineer,< 1 year,MORTGAGE,96000.0,,Verified,462xx,IN,9144.0,201167.0
228460,16db068djf7e4d41c15c1b3a9fadbb818bad48bpRcfn8cp11de,Current,25000.0,CA,25000.0, 60 months,0.1561,602.78998,C,04-2014,2014.0,False,INDIVIDUAL,debt_consolidation,Debt consolidation,desc,Sr. Claims Representative,3 years,RENT,96000.0,,Not Verified,926xx,CA,54118.0,649420.0
228470,83rA84edb8denf40f7a9b8dad9fee281e9170ce4c7b7c0U0c9ef,Current,25000.0,LA,25000.0, 60 months,0.1561,602.78998,C,04-2014,2014.0,False,INDIVIDUAL,debt_consolidation,Debt consolidation,desc,Sales & Services,7 years,OWN,65000.0,,Source Verified,705xx,LA,10594.0,52971.0
228734,0WT8c15f0f3b2b6C01ab00fevlc4b7b7wlb71004pt,Current,25000.0,CA,25000.0, 60 months,0.1659,615.82001,D,04-2014,2014.0,False,INDIVIDUAL,debt_consolidation,Debt consolidation,desc,Medical Transcription,7 years,MORTGAGE,59000.0,,Verified,952xx,CA,20543.0,246516.0
228930,Qd8bb87feebfbc1e1f1l81d1cafb0e3qa295f19cfco1b,Current,25000.0,MD,25000.0, 60 months,0.1757,629.01001,D,04-2014,2014.0,False,INDIVIDUAL,debt_consolidation,Debt consolidation,desc,Financial Auditor,7 years,RENT,70000.0,,Source Verified,217xx,MD,3674.0,25721.0
229638,f5Qcfcfc04b6e8892e9f4d6f2u8fa3f4eck1e1d00afc79b97bbqAff,Current,25000.0,HI,25000.0, 60 months,0.2245,696.89001,E,04-2014,2014.0,False,INDIVIDUAL,debt_consolidation,Debt consolidation,desc,Med Transcriptionist 4,10+ years,MORTGAGE,84205.0,,Source Verified,967xx,HI,4834.0,43506.0
230050,b2fdSD17d9oc2b3c3qqab9cf5b38da5895b8da05cbeawa82c1i,Current,25200.0,GA,25200.0, 60 months,0.1947,660.23999,D,04-2014,2014.0,False,INDIVIDUAL,debt_consolidation,Debt consolidation,desc,Staff Sergeant,8 years,RENT,60000.0,,Source Verified,319xx,GA,8692.0,78230.0
230954,M129c0fe7d9e98c4p5f3aa99e6e0kc513l99efgpU04,Current,25700.0,TX,25700.0, 60 months,0.1659,633.06,D,04-2014,2014.0,False,INDIVIDUAL,debt_consolidation,Debt consolidation,desc,Teacher/ coach,10+ years,MORTGAGE,58500.0,,Not Verified,785xx,TX,23914.0,167399.0
231679,1c1dEP8cf7ldab07ff819109dd8a5940f89dc11ej07dln,Late (31-120 days),26000.0,MA,26000.0, 60 months,0.1464,613.64001,C,04-2014,2014.0,False,INDIVIDUAL,credit_card,Credit card refinancing,desc,Account Executive,8 years,RENT,70000.0,,Source Verified,016xx,MA,3928.0,35348.0
232301,b3e5dcBf2qdfcdn8adaf2ffecb48ed818fdbedbqb50fef96r,Current,26500.0,FL,26500.0, 60 months,0.1999,701.95001,E,04-2014,2014.0,False,INDIVIDUAL,debt_consolidation,Debt consolidation,desc,Senior Project Manager,4 years,MORTGAGE,65000.0,,Verified,330xx,FL,17315.0,242406.0
232846,ndwtb0Y8cd3efKOc81dQaeb1baUe9a7fd8aTd40bbbd5a9,Current,26875.0,SC,26875.0, 60 months,0.1825,686.10999,D,04-2014,2014.0,False,INDIVIDUAL,debt_consolidation,Debt consolidation,desc,Quality Engineer,4 years,MORTGAGE,71968.0,,Source Verified,296xx,SC,2319.0,32472.0
233547,mdba6be1ad8513c0Idcf31cb8c9c5Kj4ef1c49cd3fe9e,Current,27000.0,NY,27000.0, 60 months,0.1947,707.40002,D,04-2014,2014.0,False,INDIVIDUAL,debt_consolidation,Debt consolidation,desc,Attorney,4 years,RENT,109258.0,,Not Verified,146xx,NY,12058.0,120575.0
233830,ede2c411af9c97dfcda116wIVefb2a9e8cc794Ld3191beF97,Current,27300.0,FL,27300.0, 60 months,0.1757,686.88,D,04-2014,2014.0,False,INDIVIDUAL,credit_card,Credit card refinancing,desc,US Safety Coordinator,3 years,RENT,84000.0,,Not Verified,321xx,FL,6037.0,78479.0
234387,4Re2T95d4c1bc81f984071e9ba214fc8ba58298s91ldfO891f,Current,27875.0,NY,27875.0, 60 months,0.1999,738.37,E,04-2014,2014.0,False,INDIVIDUAL,debt_consolidation,Debt consolidation,desc,cable tech/enginear,10+ years,MORTGAGE,90000.0,,Verified,109xx,NY,20554.0,349419.0
234431,ffc3e5b4d2f3bc11Tb695M1103pldf99f8751aLaba4f6,Current,27975.0,CA,27975.0, 60 months,0.2589,835.77002,G,04-2014,2014.0,False,INDIVIDUAL,debt_consolidation,Debt consolidation,desc,Physical therapist,2 years,RENT,90000.0,,Verified,925xx,CA,1813.0,25376.0
234449,a4nY1fif4P9eae8fdfb00f840eb35Y95labd5vd8,Current,27975.0,MD,27975.0, 60 months,0.2118,759.65997,E,04-2014,2014.0,False,INDIVIDUAL,other,Other,desc,History Professor,10+ years,MORTGAGE,70000.0,,Source Verified,218xx,MD,9348.0,65436.0
234621,92S9cf7c6fa99dd11Ndbfdb65876ye9n9db0d2Bd91d1b1ca7f,Current,28000.0,OH,28000.0, 60 months,0.1892,725.10999,D,04-2014,2014.0,False,INDIVIDUAL,debt_consolidation,Debt consolidation,desc,Chief Engineer,10+ years,MORTGAGE,105000.0,,Not Verified,453xx,OH,11285.0,169273.0
234628,89ef41cf98d1aa5cffbfd7d78904da10fda7n95Ve4k18MRo1b,Current,28000.0,CT,28000.0, 60 months,0.1999,741.67999,E,04-2014,2014.0,False,INDIVIDUAL,debt_consolidation,Debt consolidation,desc,Physician Assistant,7 years,MORTGAGE,111000.0,,Source Verified,060xx,CT,21084.0,337344.0
235244,8b98nf5a4e6m08o87f3f496vZAeecb9f06fc3hab9ce10en95a0,Current,28000.0,NJ,28000.0, 36 months,0.0762,872.52002,A,04-2014,2014.0,False,INDIVIDUAL,debt_consolidation,Debt consolidation,desc,Construction Project Manager,1 year,MORTGAGE,130000.0,,Not Verified,073xx,NJ,50764.0,304586.0
235564,19f011a4a0dfAd8bete2jcabb3fe02D13d1f6a6ddr,In Grace Period,28000.0,TX,28000.0, 36 months,0.0967,899.15002,B,04-2014,2014.0,False,INDIVIDUAL,debt_consolidation,Debt consolidation,desc,Sr BI Lead,1 year,MORTGAGE,160000.0,,Not Verified,750xx,TX,17491.0,227384.0
237065,edb4c5d8b1b03rv95a8a92edc7c7999e8394c0G213Zb1,Current,28000.0,GA,28000.0, 60 months,0.1531,670.69,C,04-2014,2014.0,False,INDIVIDUAL,credit_card,Credit card refinancing,desc,City President,8 years,MORTGAGE,123000.0,,Verified,317xx,GA,16765.0,251470.0
237067,D9dc7LRdf80c7sbb92eb89pWdfddrb0cbQQ8f15,Current,28000.0,PA,28000.0, 60 months,0.1531,670.69,C,04-2014,2014.0,False,INDIVIDUAL,debt_consolidation,Debt consolidation,desc,Engineer,10+ years,MORTGAGE,105000.0,,Not Verified,180xx,PA,18167.0,290672.0
237977,117f1dc3df1197Tn86caaeud1c5e2a00eac1erc201E0b,Current,28375.0,FL,28375.0, 36 months,0.2118,1071.66,E,04-2014,2014.0,False,INDIVIDUAL,credit_card,Credit card refinancing,desc,Manager,9 years,MORTGAGE,107151.05,,Source Verified,339xx,FL,116637.0,466548.0
238055,Skbe10v7bbf692f9e3ea3fbc1U089aa3dc05118d91fdda9ab,Current,28500.0,IL,28500.0, 36 months,0.1561,996.5,C,04-2014,2014.0,False,INDIVIDUAL,debt_consolidation,Debt consolidation,desc,Sr. Process Analyst,10+ years,MORTGAGE,68000.0,,Verified,605xx,IL,28783.0,143913.0
238089,8cW99f8V81c70cfd0ffeJcfa5jd083f8f79ec6e2ddbak03e7b6LI,Current,28500.0,WI,28500.0, 60 months,0.1561,687.17999,C,04-2014,2014.0,False,INDIVIDUAL,credit_card,Credit card refinancing,desc,Owner,7 years,MORTGAGE,62000.0,,Source Verified,549xx,WI,20108.0,261409.0
238441,1a1cd9b2ZL06JaT07f19ebccdh106if0a591kXb6,Current,28800.0,RI,28800.0, 60 months,0.1464,679.71997,C,04-2014,2014.0,False,INDIVIDUAL,credit_card,Credit card refinancing,desc,Enterprise Architect ,1 year,MORTGAGE,105000.0,,Not Verified,029xx,RI,28250.0,310745.0
238755,ie8da17df1Z06Y9fedffa9Jf2fdcc2be10f7cc88b2a98eeb0,Current,29000.0,TX,29000.0, 60 months,0.1249,652.29999,B,04-2014,2014.0,False,INDIVIDUAL,debt_consolidation,Debt consolidation,desc,SENIOR SCHEDULER,5 years,MORTGAGE,103500.0,,Not Verified,751xx,TX,4104.0,41035.0
238822,c2958dPb4n41cc6pb7ebNZc7Ij861efe85610zFdc5d4a810,Current,29000.0,MO,29000.0, 60 months,0.1892,751.01001,D,04-2014,2014.0,False,INDIVIDUAL,debt_consolidation,Debt consolidation,desc,Probation & Parole Officer II,10+ years,MORTGAGE,100000.0,,Not Verified,640xx,MO,15624.0,249988.0
238828,83bf01bf1f204d29512cffdc7leez16bcH8duc49b98cb7fb4c385b7,Current,29000.0,CO,29000.0, 60 months,0.1999,768.16998,E,04-2014,2014.0,False,INDIVIDUAL,debt_consolidation,Debt consolidation,desc,Advanced Practice Nurse,4 years,RENT,116000.0,,Source Verified,801xx,CO,12231.0,183469.0
239890,00d8Inc4021712WBd5QC1a7e0zLdd8icavDec98de83,Current,30000.0,IN,30000.0, 60 months,0.1892,776.90002,D,04-2014,2014.0,False,INDIVIDUAL,debt_consolidation,Debt consolidation,desc,Owner,7 years,MORTGAGE,120000.0,,Verified,462xx,IN,14396.0,302317.0
244983,08910yb0fa168tRC8cd6f2ad0b86r9dR8cb5l95db5Pe4e3d8K,Current,30000.0,VA,30000.0, 60 months,0.1365,692.62,C,04-2014,2014.0,False,INDIVIDUAL,credit_card,Credit card refinancing,desc,"Sr Director, Risk Management",10+ years,MORTGAGE,85000.0,,Verified,232xx,VA,17446.0,209350.0
245512,GPc0c5A97c4aaXc0nsyTaa13848cdad418ecfwWb8ff8a,Current,30000.0,IL,30000.0, 60 months,0.1531,718.59003,C,04-2014,2014.0,False,INDIVIDUAL,debt_consolidation,Debt consolidation,desc,owner,10+ years,MORTGAGE,70000.0,,Verified,601xx,IL,15695.0,235428.0
245548,2T1bc5dc99abe4f80byeea9zeed03fac007f1W04ca178fe0Y9a807,Current,30000.0,OK,30000.0, 60 months,0.1561,723.34003,C,04-2014,2014.0,False,INDIVIDUAL,credit_card,Credit card refinancing,desc,Controller,8 years,MORTGAGE,75000.0,,Verified,740xx,OK,13484.0,202262.0
245549,1086ef08490f8e1g001bGWb3RTb484bdd61T21dcvc82,Current,30000.0,MI,30000.0, 60 months,0.1561,723.34003,C,04-2014,2014.0,False,INDIVIDUAL,debt_consolidation,Debt consolidation,desc,JOB Security,10+ years,MORTGAGE,130000.0,,Verified,481xx,MI,25378.0,177649.0
245555,ee1994tdefb9fpw97c0gb6cdEfc1d7fp8abe9497b31d06,Current,30000.0,GA,30000.0, 60 months,0.1561,723.34003,C,04-2014,2014.0,False,INDIVIDUAL,debt_consolidation,Debt consolidation,desc,AREA SALES MANAGER,10+ years,MORTGAGE,170000.0,,Source Verified,300xx,GA,21633.0,367759.0
246079,1cRc31fd8088e96fb9f87c4a4e2f2iAbae7Fe4cbw0fa68a,Current,30000.0,WV,30000.0, 60 months,0.1825,765.89001,D,04-2014,2014.0,False,INDIVIDUAL,debt_consolidation,Debt consolidation,desc,Attorney ,2 years,MORTGAGE,85000.0,,Verified,255xx,WV,8335.0,83348.0
246707,Qb73b79bd4bbjrbb1buXece58892f1Sa7afde6e7ef6,Current,30000.0,OH,30000.0, 60 months,0.2343,853.15002,F,04-2014,2014.0,False,INDIVIDUAL,major_purchase,Major purchase,desc,Professional Land Surveyor,7 years,MORTGAGE,80000.0,,Verified,452xx,OH,7979.0,119678.0
247563,10ke000Sz82b7C7fe3c216952Pb3b103a819e4ye00Iwdd95S,Late (31-120 days),30900.0,LA,30900.0, 60 months,0.1947,809.58002,D,04-2014,2014.0,False,INDIVIDUAL,debt_consolidation,Debt consolidation,desc,COMPUTER OPERATOR III,7 years,RENT,73800.0,,Verified,706xx,LA,3078.0,18470.0
247818,Lf303028605jb5f7d5f5e5a3o9t06e7c3dbf7a5b007U,Current,31025.0,NY,31025.0, 60 months,0.1892,803.45001,D,04-2014,2014.0,False,INDIVIDUAL,other,Other,desc,CHIEF LINE MECHANIC HOT STICK,10+ years,MORTGAGE,150000.0,,Verified,133xx,NY,20782.0,270165.0
247912,c991ma2nfaa6ek84acf29aHefadf8z83a3bOa38a9d4L4f,Current,31200.0,CO,31200.0, 60 months,0.1365,720.33002,C,04-2014,2014.0,False,INDIVIDUAL,debt_consolidation,Debt consolidation,desc,Frac Op 3,< 1 year,MORTGAGE,120000.0,,Source Verified,814xx,CO,19283.0,192828.0
248116,Ny5d902bd17cca69e95bcetfdNc7fc287Ua5d1f0a6,Current,31500.0,MI,31500.0, 60 months,0.1561,759.51001,C,04-2014,2014.0,False,INDIVIDUAL,credit_card,Credit card refinancing,desc,nurse,< 1 year,MORTGAGE,90000.0,,Verified,488xx,MI,20688.0,206879.0
249974,d5081nn110be6f003Ib4oe4e6a3efd61drvQ9dra9b7cbU,Current,32000.0,CA,32000.0, 60 months,0.1464,755.25,C,04-2014,2014.0,False,INDIVIDUAL,debt_consolidation,Debt consolidation,desc,Supervisor-Nuclear Medicine,9 years,RENT,135123.0,,Verified,957xx,CA,6038.0,30190.0
251313,ea8cadcc9fc01fTc3e688ioe0d0db13dfdcVzl1c16CcbMbd9f1d90,Current,33000.0,OH,33000.0, 60 months,0.1561,795.67999,C,04-2014,2014.0,False,INDIVIDUAL,debt_consolidation,Debt consolidation,desc,Director Payroll,10+ years,MORTGAGE,101000.0,,Verified,451xx,OH,12864.0,257277.0
251441,10bb80d5c2ecCY0en9ef393efbfyma08a07b0fd903Cbb384,Current,33225.0,AZ,33225.0, 60 months,0.1757,835.95001,D,04-2014,2014.0,False,INDIVIDUAL,debt_consolidation,Debt consolidation,desc,International Tax Director,10+ years,RENT,410000.0,,Verified,850xx,AZ,24046.0,264508.0
251613,vb2a0VQab0e68ab3eaf6ja01Q18d2wf8c6e3e70880ca,Current,33575.0,CA,33575.0, 60 months,0.1561,809.53998,C,04-2014,2014.0,False,INDIVIDUAL,debt_consolidation,Debt consolidation,desc,gm 2,10+ years,MORTGAGE,70000.0,,Verified,936xx,CA,22704.0,249748.0
253225,c2afafPBCf4N03Ia31fyc2racc8f10f6b7e39161988fac5,Late (16-30 days),35000.0,OH,35000.0, 60 months,0.2049,936.85999,E,04-2014,2014.0,False,INDIVIDUAL,debt_consolidation,Debt consolidation,desc,Health Systems Specialist,5 years,MORTGAGE,100000.0,,Verified,453xx,OH,43179.0,302252.0
253250,7fa492fdc59bebcae5Nme6n792g1IafefuFwfdbd18cc0e4,In Grace Period,35000.0,NY,35000.0, 60 months,0.2245,975.64001,E,04-2014,2014.0,False,INDIVIDUAL,debt_consolidation,Debt consolidation,desc,Assistant Professor,3 years,MORTGAGE,97594.0,,Verified,145xx,NY,16132.0,225845.0
253462,a9b5Y16e9c688eb4ccLXd894dbddZ0ld3zta4r,Current,35000.0,MN,35000.0, 60 months,0.1464,826.04999,C,04-2014,2014.0,False,INDIVIDUAL,credit_card,Credit card refinancing,desc,Clinic manager,7 years,MORTGAGE,84000.0,,Verified,557xx,MN,15563.0,108938.0
253492,90897f5c8bc0Dsb9f1a5rf080fb033138B93078dwW95a5,Current,35000.0,WA,35000.0, 60 months,0.1825,893.53998,D,04-2014,2014.0,False,INDIVIDUAL,major_purchase,Major purchase,desc,Registered Nurse/ Office Manager,7 years,MORTGAGE,115000.0,,Verified,981xx,WA,79564.0,477386.0
256115,8a9091cff3b6c612a5i6e503a7C15b8f81cefe5e0cb3N8db5E,Current,35000.0,IN,35000.0, 36 months,0.1365,1190.28,C,04-2014,2014.0,False,INDIVIDUAL,debt_consolidation,Debt consolidation,desc,ROTC Instructor,10+ years,MORTGAGE,85000.0,,Verified,474xx,IN,21219.0,190970.0
257260,a4a1ufabdo9213caXDd8e8S14Uce944ebcf94dbf41c,Current,35000.0,NY,35000.0, 36 months,0.1757,1257.8,D,04-2014,2014.0,False,INDIVIDUAL,debt_consolidation,Debt consolidation,desc,Special Investment Officer,6 years,MORTGAGE,115000.0,,Verified,121xx,NY,12755.0,216827.0
259450,f40f9191c3r8e05c094b11931012K831dcdadefTecc6b1Pbadc3f9Z,Current,35000.0,NM,35000.0, 60 months,0.1416,817.29999,C,04-2014,2014.0,False,INDIVIDUAL,credit_card,Credit card refinancing,desc,VP of Operations,10+ years,MORTGAGE,90000.0,,Verified,871xx,NM,16285.0,211699.0
259571,841lfboa1b41c2pedZBiedaaa0ca8908eddbb7f,Current,35000.0,PA,35000.0, 60 months,0.1464,826.04999,C,04-2014,2014.0,False,INDIVIDUAL,debt_consolidation,Debt consolidation,desc,Staff Registered Nurse,10+ years,MORTGAGE,165000.0,,Verified,180xx,PA,76203.0,533422.0
259801,a6a7d51fc7819e138fb3ef9cd5c59fN2871dd6e0ec99I19f3,Current,35000.0,TX,35000.0, 60 months,0.1531,838.35999,C,04-2014,2014.0,False,INDIVIDUAL,credit_card,Credit card refinancing,desc,Consultant,8 years,MORTGAGE,150000.0,,Source Verified,750xx,TX,32263.0,516200.0
260193,Ha27A02u2jd489gacf0adkfcc1c58300c090Gf1b0ac40cfa,Late (31-120 days),35000.0,NJ,35000.0, 60 months,0.1659,862.15002,D,04-2014,2014.0,False,INDIVIDUAL,credit_card,Credit card refinancing,desc,Owner,4 years,MORTGAGE,96267.0,,Verified,080xx,NJ,37557.0,225342.0
260457,f7b8cesddfa2Ds9614ad17aaYf2nf19fB70cd0b7d2f4,Current,35000.0,CA,35000.0, 60 months,0.1757,880.60999,D,04-2014,2014.0,False,INDIVIDUAL,debt_consolidation,Debt consolidation,desc,Senior Vice President,4 years,MORTGAGE,410000.0,,Source Verified,900xx,CA,48169.0,867033.0
260907,rb7dac81bLcaf04e899d1en8389f97fpd7taab7847d5faf8,Current,35000.0,NV,35000.0, 60 months,0.1892,906.38,D,04-2014,2014.0,False,INDIVIDUAL,debt_consolidation,Debt consolidation,desc,Sr Application Developer,10+ years,MORTGAGE,118000.0,,Verified,891xx,NV,28967.0,405539.0
260911,e4e08f1006C0bf38f8cB8Ucbb5dbd0da1cf8R8391iCJP8a,Current,35000.0,CA,35000.0, 60 months,0.1892,906.38,D,04-2014,2014.0,False,INDIVIDUAL,debt_consolidation,Debt consolidation,desc,Chief Creative Officer,4 years,RENT,132000.0,,Verified,921xx,CA,5341.0,69437.0
261340,gv9283eca199efa911RW92e9c4b9e2a8iVaeb4Oa6c8ba8a,Current,35000.0,MD,35000.0, 60 months,0.2049,936.85999,E,04-2014,2014.0,False,INDIVIDUAL,debt_consolidation,Debt consolidation,desc,Professor,10+ years,RENT,100000.0,,Verified,210xx,MD,6506.0,84574.0
261611,928cc8f3e904pdad0b0bafdcbj8bf019efaf16829c7fPfda,Current,35000.0,CA,35000.0, 60 months,0.2199,966.46997,E,04-2014,2014.0,False,INDIVIDUAL,debt_consolidation,Debt consolidation,desc,Associate Professor,9 years,RENT,90000.0,,Verified,928xx,CA,6521.0,182583.0
261813,e1bc2d411ffb2fL1397Ta7ML9215c8fff8q14df0cr,Current,35000.0,AL,35000.0, 60 months,0.2343,995.34003,F,04-2014,2014.0,False,INDIVIDUAL,debt_consolidation,Debt consolidation,desc,CSFO/Business Manager,10+ years,OWN,100000.0,,Verified,365xx,AL,4450.0,62304.0
